#! /home/hice1/nli324/scratch/.conda/envs/iverilog-tools/bin/vvp
:ivl_version "11.0 (stable)";
:ivl_delay_selection "TYPICAL";
:vpi_time_precision + 0;
:vpi_module "/home/hice1/nli324/scratch/.conda/envs/iverilog-tools/lib/ivl/system.vpi";
:vpi_module "/home/hice1/nli324/scratch/.conda/envs/iverilog-tools/lib/ivl/vhdl_sys.vpi";
:vpi_module "/home/hice1/nli324/scratch/.conda/envs/iverilog-tools/lib/ivl/vhdl_textio.vpi";
:vpi_module "/home/hice1/nli324/scratch/.conda/envs/iverilog-tools/lib/ivl/v2005_math.vpi";
:vpi_module "/home/hice1/nli324/scratch/.conda/envs/iverilog-tools/lib/ivl/va_math.vpi";
S_0x555555a98740 .scope module, "tb" "tb" 2 1;
 .timescale 0 0;
v0x555555aa4080_0 .var "N1", 0 0;
v0x555555aa4120_0 .var "N101", 0 0;
v0x555555aa41c0_0 .var "N106", 0 0;
v0x555555aa4260_0 .var "N111", 0 0;
v0x555555aa4300_0 .var "N116", 0 0;
v0x555555aa43a0_0 .var "N121", 0 0;
v0x555555aa4440_0 .var "N126", 0 0;
v0x555555aa44e0_0 .var "N13", 0 0;
v0x555555aa4580_0 .var "N130", 0 0;
v0x555555aa4620_0 .var "N135", 0 0;
v0x555555aa46c0_0 .var "N138", 0 0;
v0x555555aa4760_0 .var "N143", 0 0;
v0x555555aa4800_0 .var "N146", 0 0;
v0x555555aa48a0_0 .var "N149", 0 0;
v0x555555aa4940_0 .var "N152", 0 0;
v0x555555aa49e0_0 .var "N153", 0 0;
v0x555555aa4a80_0 .var "N156", 0 0;
v0x555555aa4b20_0 .var "N159", 0 0;
v0x555555aa4bc0_0 .var "N165", 0 0;
v0x555555aa4c60_0 .var "N17", 0 0;
v0x555555aa4d00_0 .var "N171", 0 0;
v0x555555aa4da0_0 .var "N177", 0 0;
v0x555555aa4e40_0 .var "N183", 0 0;
v0x555555aa4ee0_0 .var "N189", 0 0;
v0x555555aa4f80_0 .var "N195", 0 0;
v0x555555aa5020_0 .var "N201", 0 0;
v0x555555aa50c0_0 .var "N207", 0 0;
v0x555555aa5160_0 .var "N210", 0 0;
v0x555555aa5200_0 .var "N219", 0 0;
v0x555555aa52a0_0 .var "N228", 0 0;
v0x555555aa5340_0 .var "N237", 0 0;
v0x555555aa53e0_0 .var "N246", 0 0;
v0x555555aa5480_0 .var "N255", 0 0;
v0x555555aa5520_0 .var "N259", 0 0;
v0x555555aa55c0_0 .var "N26", 0 0;
v0x555555aa5660_0 .var "N260", 0 0;
v0x555555aa5700_0 .var "N261", 0 0;
v0x555555aa57a0_0 .var "N267", 0 0;
v0x555555aa5840_0 .var "N268", 0 0;
v0x555555aa58e0_0 .var "N29", 0 0;
v0x555555aa5980_0 .var "N36", 0 0;
v0x555555aa5a20_0 .var "N42", 0 0;
v0x555555aa5ac0_0 .var "N51", 0 0;
v0x555555aa5b60_0 .var "N55", 0 0;
v0x555555aa5c00_0 .var "N59", 0 0;
v0x555555aa5ca0_0 .var "N68", 0 0;
v0x555555aa5d40_0 .var "N72", 0 0;
v0x555555aa5de0_0 .var "N73", 0 0;
v0x555555aa5e80_0 .var "N74", 0 0;
v0x555555aa5f20_0 .var "N75", 0 0;
v0x555555aa5fc0_0 .var "N8", 0 0;
v0x555555aa6060_0 .var "N80", 0 0;
v0x555555aa6100_0 .var "N85", 0 0;
v0x555555aa61a0_0 .var "N86", 0 0;
v0x555555aa6240_0 .var "N87", 0 0;
v0x555555aa62e0_0 .var "N88", 0 0;
v0x555555aa6380_0 .var "N89", 0 0;
v0x555555aa6420_0 .var "N90", 0 0;
v0x555555aa64c0_0 .var "N91", 0 0;
v0x555555aa6560_0 .var "N96", 0 0;
v0x555555aa6600_0 .net "d388", 0 0, L_0x555555ace450;  1 drivers
v0x555555aa66a0_0 .net "d389", 0 0, L_0x555555ace920;  1 drivers
v0x555555aa6740_0 .net "d390", 0 0, L_0x555555ace9e0;  1 drivers
v0x555555aa67e0_0 .net "d391", 0 0, L_0x555555aceec0;  1 drivers
v0x555555aa6880_0 .net "d418", 0 0, L_0x555555acfff0;  1 drivers
v0x555555aa6d30_0 .net "d419", 0 0, L_0x555555acfad0;  1 drivers
v0x555555aa6dd0_0 .net "d420", 0 0, L_0x555555acfb90;  1 drivers
v0x555555aa6e70_0 .net "d421", 0 0, L_0x555555acfc50;  1 drivers
v0x555555aa6f10_0 .net "d422", 0 0, L_0x555555acfd10;  1 drivers
v0x555555aa6fb0_0 .net "d423", 0 0, L_0x555555acfdd0;  1 drivers
v0x555555aa7050_0 .net "d446", 0 0, L_0x555555ad0de0;  1 drivers
v0x555555aa70f0_0 .net "d447", 0 0, L_0x555555ad0ea0;  1 drivers
v0x555555aa7190_0 .net "d448", 0 0, L_0x555555ad0f60;  1 drivers
v0x555555aa7230_0 .net "d449", 0 0, L_0x555555ad1020;  1 drivers
v0x555555aa72d0_0 .net "d450", 0 0, L_0x555555ad10e0;  1 drivers
v0x555555aa7370_0 .net "d767", 0 0, L_0x555555adc870;  1 drivers
v0x555555aa7410_0 .net "d768", 0 0, L_0x555555adc930;  1 drivers
v0x555555aa74b0_0 .net "d850", 0 0, L_0x555555ae3390;  1 drivers
v0x555555aa7550_0 .net "d863", 0 0, L_0x555555ae4550;  1 drivers
v0x555555aa75f0_0 .net "d864", 0 0, L_0x555555ae4610;  1 drivers
v0x555555aa7690_0 .net "d865", 0 0, L_0x555555ae46d0;  1 drivers
v0x555555aa7730_0 .net "d866", 0 0, L_0x555555ae4790;  1 drivers
v0x555555aa77d0_0 .net "d874", 0 0, L_0x555555ae53f0;  1 drivers
v0x555555aa7870_0 .net "d878", 0 0, L_0x555555ae56c0;  1 drivers
v0x555555aa7910_0 .net "d879", 0 0, L_0x555555ae5780;  1 drivers
v0x555555aa79b0_0 .net "d880", 0 0, L_0x555555ae5840;  1 drivers
v0x555555aa7a50_0 .net "dut_out", 25 0, L_0x555555aa8ef0;  1 drivers
v0x555555aa7af0_0 .var/i "errors", 31 0;
v0x555555aa7b90_0 .var/i "i", 31 0;
v0x555555aa7c30_0 .net "r388", 0 0, L_0x5555558f8660;  1 drivers
v0x555555aa7cd0_0 .net "r389", 0 0, L_0x5555558f8060;  1 drivers
v0x555555aa7d70_0 .net "r390", 0 0, L_0x555555aab050;  1 drivers
v0x555555aa7e10_0 .net "r391", 0 0, L_0x555555aab110;  1 drivers
v0x555555aa7eb0_0 .net "r418", 0 0, L_0x555555aae0f0;  1 drivers
v0x555555aa7f50_0 .net "r419", 0 0, L_0x555555aae500;  1 drivers
v0x555555aa7ff0_0 .net "r420", 0 0, L_0x555555aae5c0;  1 drivers
v0x555555aa8090_0 .net "r421", 0 0, L_0x555555aae9e0;  1 drivers
v0x555555aa8130_0 .net "r422", 0 0, L_0x555555aaeaa0;  1 drivers
v0x555555aa81d0_0 .net "r423", 0 0, L_0x555555aaeed0;  1 drivers
v0x555555aa8270_0 .net "r446", 0 0, L_0x555555ab0ae0;  1 drivers
v0x555555aa8310_0 .net "r447", 0 0, L_0x555555ab0f70;  1 drivers
v0x555555aa83b0_0 .net "r448", 0 0, L_0x555555ab1030;  1 drivers
v0x555555aa8450_0 .net "r449", 0 0, L_0x555555ab14d0;  1 drivers
v0x555555aa84f0_0 .net "r450", 0 0, L_0x555555ab1590;  1 drivers
v0x555555aa8590_0 .net "r767", 0 0, L_0x555555aba1c0;  1 drivers
v0x555555aa8630_0 .net "r768", 0 0, L_0x555555aba230;  1 drivers
v0x555555aa86d0_0 .net "r850", 0 0, L_0x555555abde40;  1 drivers
v0x555555aa8770_0 .net "r863", 0 0, L_0x555555abeb30;  1 drivers
v0x555555aa8810_0 .net "r864", 0 0, L_0x555555abebf0;  1 drivers
v0x555555aa88b0_0 .net "r865", 0 0, L_0x555555abecb0;  1 drivers
v0x555555aa8950_0 .net "r866", 0 0, L_0x555555abed70;  1 drivers
v0x555555aa89f0_0 .net "r874", 0 0, L_0x555555abf440;  1 drivers
v0x555555aa8a90_0 .net "r878", 0 0, L_0x555555abf740;  1 drivers
v0x555555aa8b30_0 .net "r879", 0 0, L_0x555555abf800;  1 drivers
v0x555555aa8bd0_0 .net "r880", 0 0, L_0x555555abf8c0;  1 drivers
v0x555555aa8c70_0 .net "ref_out", 25 0, L_0x555555aa8e50;  1 drivers
v0x555555aa8d10_0 .var "rnd1", 31 0;
v0x555555aa8db0_0 .var "rnd2", 31 0;
LS_0x555555aa8e50_0_0 .concat [ 1 1 1 1], L_0x555555abf8c0, L_0x555555abf800, L_0x555555abf740, L_0x555555abf440;
LS_0x555555aa8e50_0_4 .concat [ 1 1 1 1], L_0x555555abed70, L_0x555555abecb0, L_0x555555abebf0, L_0x555555abeb30;
LS_0x555555aa8e50_0_8 .concat [ 1 1 1 1], L_0x555555abde40, L_0x555555aba230, L_0x555555aba1c0, L_0x555555ab1590;
LS_0x555555aa8e50_0_12 .concat [ 1 1 1 1], L_0x555555ab14d0, L_0x555555ab1030, L_0x555555ab0f70, L_0x555555ab0ae0;
LS_0x555555aa8e50_0_16 .concat [ 1 1 1 1], L_0x555555aaeed0, L_0x555555aaeaa0, L_0x555555aae9e0, L_0x555555aae5c0;
LS_0x555555aa8e50_0_20 .concat [ 1 1 1 1], L_0x555555aae500, L_0x555555aae0f0, L_0x555555aab110, L_0x555555aab050;
LS_0x555555aa8e50_0_24 .concat [ 1 1 0 0], L_0x5555558f8060, L_0x5555558f8660;
LS_0x555555aa8e50_1_0 .concat [ 4 4 4 4], LS_0x555555aa8e50_0_0, LS_0x555555aa8e50_0_4, LS_0x555555aa8e50_0_8, LS_0x555555aa8e50_0_12;
LS_0x555555aa8e50_1_4 .concat [ 4 4 2 0], LS_0x555555aa8e50_0_16, LS_0x555555aa8e50_0_20, LS_0x555555aa8e50_0_24;
L_0x555555aa8e50 .concat [ 16 10 0 0], LS_0x555555aa8e50_1_0, LS_0x555555aa8e50_1_4;
LS_0x555555aa8ef0_0_0 .concat [ 1 1 1 1], L_0x555555ae5840, L_0x555555ae5780, L_0x555555ae56c0, L_0x555555ae53f0;
LS_0x555555aa8ef0_0_4 .concat [ 1 1 1 1], L_0x555555ae4790, L_0x555555ae46d0, L_0x555555ae4610, L_0x555555ae4550;
LS_0x555555aa8ef0_0_8 .concat [ 1 1 1 1], L_0x555555ae3390, L_0x555555adc930, L_0x555555adc870, L_0x555555ad10e0;
LS_0x555555aa8ef0_0_12 .concat [ 1 1 1 1], L_0x555555ad1020, L_0x555555ad0f60, L_0x555555ad0ea0, L_0x555555ad0de0;
LS_0x555555aa8ef0_0_16 .concat [ 1 1 1 1], L_0x555555acfdd0, L_0x555555acfd10, L_0x555555acfc50, L_0x555555acfb90;
LS_0x555555aa8ef0_0_20 .concat [ 1 1 1 1], L_0x555555acfad0, L_0x555555acfff0, L_0x555555aceec0, L_0x555555ace9e0;
LS_0x555555aa8ef0_0_24 .concat [ 1 1 0 0], L_0x555555ace920, L_0x555555ace450;
LS_0x555555aa8ef0_1_0 .concat [ 4 4 4 4], LS_0x555555aa8ef0_0_0, LS_0x555555aa8ef0_0_4, LS_0x555555aa8ef0_0_8, LS_0x555555aa8ef0_0_12;
LS_0x555555aa8ef0_1_4 .concat [ 4 4 2 0], LS_0x555555aa8ef0_0_16, LS_0x555555aa8ef0_0_20, LS_0x555555aa8ef0_0_24;
L_0x555555aa8ef0 .concat [ 16 10 0 0], LS_0x555555aa8ef0_1_0, LS_0x555555aa8ef0_1_4;
S_0x555555a6a0e0 .scope module, "dut" "c880_impl" 2 52, 3 1 0, S_0x555555a98740;
 .timescale 0 0;
    .port_info 0 /INPUT 1 "N1";
    .port_info 1 /INPUT 1 "N8";
    .port_info 2 /INPUT 1 "N13";
    .port_info 3 /INPUT 1 "N17";
    .port_info 4 /INPUT 1 "N26";
    .port_info 5 /INPUT 1 "N29";
    .port_info 6 /INPUT 1 "N36";
    .port_info 7 /INPUT 1 "N42";
    .port_info 8 /INPUT 1 "N51";
    .port_info 9 /INPUT 1 "N55";
    .port_info 10 /INPUT 1 "N59";
    .port_info 11 /INPUT 1 "N68";
    .port_info 12 /INPUT 1 "N72";
    .port_info 13 /INPUT 1 "N73";
    .port_info 14 /INPUT 1 "N74";
    .port_info 15 /INPUT 1 "N75";
    .port_info 16 /INPUT 1 "N80";
    .port_info 17 /INPUT 1 "N85";
    .port_info 18 /INPUT 1 "N86";
    .port_info 19 /INPUT 1 "N87";
    .port_info 20 /INPUT 1 "N88";
    .port_info 21 /INPUT 1 "N89";
    .port_info 22 /INPUT 1 "N90";
    .port_info 23 /INPUT 1 "N91";
    .port_info 24 /INPUT 1 "N96";
    .port_info 25 /INPUT 1 "N101";
    .port_info 26 /INPUT 1 "N106";
    .port_info 27 /INPUT 1 "N111";
    .port_info 28 /INPUT 1 "N116";
    .port_info 29 /INPUT 1 "N121";
    .port_info 30 /INPUT 1 "N126";
    .port_info 31 /INPUT 1 "N130";
    .port_info 32 /INPUT 1 "N135";
    .port_info 33 /INPUT 1 "N138";
    .port_info 34 /INPUT 1 "N143";
    .port_info 35 /INPUT 1 "N146";
    .port_info 36 /INPUT 1 "N149";
    .port_info 37 /INPUT 1 "N152";
    .port_info 38 /INPUT 1 "N153";
    .port_info 39 /INPUT 1 "N156";
    .port_info 40 /INPUT 1 "N159";
    .port_info 41 /INPUT 1 "N165";
    .port_info 42 /INPUT 1 "N171";
    .port_info 43 /INPUT 1 "N177";
    .port_info 44 /INPUT 1 "N183";
    .port_info 45 /INPUT 1 "N189";
    .port_info 46 /INPUT 1 "N195";
    .port_info 47 /INPUT 1 "N201";
    .port_info 48 /INPUT 1 "N207";
    .port_info 49 /INPUT 1 "N210";
    .port_info 50 /INPUT 1 "N219";
    .port_info 51 /INPUT 1 "N228";
    .port_info 52 /INPUT 1 "N237";
    .port_info 53 /INPUT 1 "N246";
    .port_info 54 /INPUT 1 "N255";
    .port_info 55 /INPUT 1 "N259";
    .port_info 56 /INPUT 1 "N260";
    .port_info 57 /INPUT 1 "N261";
    .port_info 58 /INPUT 1 "N267";
    .port_info 59 /INPUT 1 "N268";
    .port_info 60 /OUTPUT 1 "N388";
    .port_info 61 /OUTPUT 1 "N389";
    .port_info 62 /OUTPUT 1 "N390";
    .port_info 63 /OUTPUT 1 "N391";
    .port_info 64 /OUTPUT 1 "N418";
    .port_info 65 /OUTPUT 1 "N419";
    .port_info 66 /OUTPUT 1 "N420";
    .port_info 67 /OUTPUT 1 "N421";
    .port_info 68 /OUTPUT 1 "N422";
    .port_info 69 /OUTPUT 1 "N423";
    .port_info 70 /OUTPUT 1 "N446";
    .port_info 71 /OUTPUT 1 "N447";
    .port_info 72 /OUTPUT 1 "N448";
    .port_info 73 /OUTPUT 1 "N449";
    .port_info 74 /OUTPUT 1 "N450";
    .port_info 75 /OUTPUT 1 "N767";
    .port_info 76 /OUTPUT 1 "N768";
    .port_info 77 /OUTPUT 1 "N850";
    .port_info 78 /OUTPUT 1 "N863";
    .port_info 79 /OUTPUT 1 "N864";
    .port_info 80 /OUTPUT 1 "N865";
    .port_info 81 /OUTPUT 1 "N866";
    .port_info 82 /OUTPUT 1 "N874";
    .port_info 83 /OUTPUT 1 "N878";
    .port_info 84 /OUTPUT 1 "N879";
    .port_info 85 /OUTPUT 1 "N880";
L_0x555555abf980 .functor AND 1, v0x555555aa4080_0, v0x555555aa5fc0_0, C4<1>, C4<1>;
L_0x555555abf9f0 .functor AND 1, L_0x555555abf980, v0x555555aa44e0_0, C4<1>, C4<1>;
L_0x555555abfab0 .functor AND 1, L_0x555555abf9f0, v0x555555aa4c60_0, C4<1>, C4<1>;
L_0x555555abfb70 .functor NOT 1, L_0x555555abfab0, C4<0>, C4<0>, C4<0>;
L_0x555555abfc30 .functor AND 1, v0x555555aa4080_0, v0x555555aa55c0_0, C4<1>, C4<1>;
L_0x555555ac0b30 .functor AND 1, L_0x555555abfc30, v0x555555aa44e0_0, C4<1>, C4<1>;
L_0x555555ac0bf0 .functor AND 1, L_0x555555ac0b30, v0x555555aa4c60_0, C4<1>, C4<1>;
L_0x555555ac0cb0 .functor NOT 1, L_0x555555ac0bf0, C4<0>, C4<0>, C4<0>;
L_0x555555ac0dc0 .functor AND 1, v0x555555aa58e0_0, v0x555555aa5980_0, C4<1>, C4<1>;
L_0x555555ac0f40 .functor AND 1, L_0x555555ac0dc0, v0x555555aa5a20_0, C4<1>, C4<1>;
L_0x555555ac1060 .functor AND 1, v0x555555aa4080_0, v0x555555aa55c0_0, C4<1>, C4<1>;
L_0x555555ac10d0 .functor AND 1, L_0x555555ac1060, v0x555555aa5ac0_0, C4<1>, C4<1>;
L_0x555555ac11b0 .functor AND 1, v0x555555aa4080_0, v0x555555aa5fc0_0, C4<1>, C4<1>;
L_0x555555ac1330 .functor AND 1, L_0x555555ac11b0, v0x555555aa5ac0_0, C4<1>, C4<1>;
L_0x555555ac1140 .functor AND 1, L_0x555555ac1330, v0x555555aa4c60_0, C4<1>, C4<1>;
L_0x555555ac14c0 .functor NOT 1, L_0x555555ac1140, C4<0>, C4<0>, C4<0>;
L_0x555555ac1610 .functor AND 1, v0x555555aa4080_0, v0x555555aa5fc0_0, C4<1>, C4<1>;
L_0x555555ac1680 .functor AND 1, L_0x555555ac1610, v0x555555aa44e0_0, C4<1>, C4<1>;
L_0x555555ac18f0 .functor AND 1, L_0x555555ac1680, v0x555555aa5b60_0, C4<1>, C4<1>;
L_0x555555ac19b0 .functor NOT 1, L_0x555555ac18f0, C4<0>, C4<0>, C4<0>;
L_0x555555ac1b20 .functor AND 1, v0x555555aa5c00_0, v0x555555aa5a20_0, C4<1>, C4<1>;
L_0x555555ac1b90 .functor AND 1, L_0x555555ac1b20, v0x555555aa5ca0_0, C4<1>, C4<1>;
L_0x555555ac1d10 .functor AND 1, L_0x555555ac1b90, v0x555555aa5d40_0, C4<1>, C4<1>;
L_0x555555ac1dd0 .functor NOT 1, L_0x555555ac1d10, C4<0>, C4<0>, C4<0>;
L_0x555555ac1f10 .functor AND 1, v0x555555aa58e0_0, v0x555555aa5ca0_0, C4<1>, C4<1>;
L_0x555555ac1f80 .functor NOT 1, L_0x555555ac1f10, C4<0>, C4<0>, C4<0>;
L_0x555555ac2120 .functor AND 1, v0x555555aa5c00_0, v0x555555aa5ca0_0, C4<1>, C4<1>;
L_0x555555ac22a0 .functor AND 1, L_0x555555ac2120, v0x555555aa5e80_0, C4<1>, C4<1>;
L_0x555555ac2450 .functor NOT 1, L_0x555555ac22a0, C4<0>, C4<0>, C4<0>;
L_0x555555ac24c0 .functor AND 1, v0x555555aa58e0_0, v0x555555aa5f20_0, C4<1>, C4<1>;
L_0x555555ac2630 .functor AND 1, L_0x555555ac24c0, v0x555555aa6060_0, C4<1>, C4<1>;
L_0x555555ac26f0 .functor AND 1, v0x555555aa58e0_0, v0x555555aa5f20_0, C4<1>, C4<1>;
L_0x555555ac2980 .functor AND 1, L_0x555555ac26f0, v0x555555aa5a20_0, C4<1>, C4<1>;
L_0x555555ac2a40 .functor AND 1, v0x555555aa58e0_0, v0x555555aa5980_0, C4<1>, C4<1>;
L_0x555555ac2bd0 .functor AND 1, L_0x555555ac2a40, v0x555555aa6060_0, C4<1>, C4<1>;
L_0x555555ac2c90 .functor AND 1, v0x555555aa58e0_0, v0x555555aa5980_0, C4<1>, C4<1>;
L_0x555555ac2ab0 .functor AND 1, L_0x555555ac2c90, v0x555555aa5a20_0, C4<1>, C4<1>;
L_0x555555ac2e30 .functor AND 1, v0x555555aa5c00_0, v0x555555aa5f20_0, C4<1>, C4<1>;
L_0x555555ac2fe0 .functor AND 1, L_0x555555ac2e30, v0x555555aa6060_0, C4<1>, C4<1>;
L_0x555555ac3050 .functor AND 1, v0x555555aa5c00_0, v0x555555aa5f20_0, C4<1>, C4<1>;
L_0x555555ac3210 .functor AND 1, L_0x555555ac3050, v0x555555aa5a20_0, C4<1>, C4<1>;
L_0x555555ac32d0 .functor AND 1, v0x555555aa5c00_0, v0x555555aa5980_0, C4<1>, C4<1>;
L_0x555555ac34a0 .functor AND 1, L_0x555555ac32d0, v0x555555aa6060_0, C4<1>, C4<1>;
L_0x555555ac3560 .functor AND 1, v0x555555aa5c00_0, v0x555555aa5980_0, C4<1>, C4<1>;
L_0x555555ac3740 .functor AND 1, L_0x555555ac3560, v0x555555aa5a20_0, C4<1>, C4<1>;
L_0x555555ac3a10 .functor AND 1, v0x555555aa6100_0, v0x555555aa61a0_0, C4<1>, C4<1>;
L_0x555555ac3c00 .functor OR 1, v0x555555aa6240_0, v0x555555aa62e0_0, C4<0>, C4<0>;
L_0x555555ac3c70 .functor AND 1, v0x555555aa64c0_0, v0x555555aa6560_0, C4<1>, C4<1>;
L_0x555555ac3e70 .functor NOT 1, L_0x555555ac3c70, C4<0>, C4<0>, C4<0>;
L_0x555555ac3ee0 .functor OR 1, v0x555555aa64c0_0, v0x555555aa6560_0, C4<0>, C4<0>;
L_0x555555ac3ce0 .functor AND 1, v0x555555aa4120_0, v0x555555aa41c0_0, C4<1>, C4<1>;
L_0x555555ac3d50 .functor NOT 1, L_0x555555ac3ce0, C4<0>, C4<0>, C4<0>;
L_0x555555ac3dc0 .functor OR 1, v0x555555aa4120_0, v0x555555aa41c0_0, C4<0>, C4<0>;
L_0x555555ac4320 .functor AND 1, v0x555555aa4260_0, v0x555555aa4300_0, C4<1>, C4<1>;
L_0x555555ac4550 .functor NOT 1, L_0x555555ac4320, C4<0>, C4<0>, C4<0>;
L_0x555555ac45c0 .functor OR 1, v0x555555aa4260_0, v0x555555aa4300_0, C4<0>, C4<0>;
L_0x555555aa99a0 .functor AND 1, v0x555555aa43a0_0, v0x555555aa4440_0, C4<1>, C4<1>;
L_0x555555ac4a20 .functor NOT 1, L_0x555555aa99a0, C4<0>, C4<0>, C4<0>;
L_0x555555ac4c70 .functor OR 1, v0x555555aa43a0_0, v0x555555aa4440_0, C4<0>, C4<0>;
L_0x555555aa9b10 .functor AND 1, v0x555555aa5fc0_0, v0x555555aa46c0_0, C4<1>, C4<1>;
L_0x555555ac4fe0 .functor NOT 1, v0x555555aa5840_0, C4<0>, C4<0>, C4<0>;
L_0x555555ac5050 .functor AND 1, v0x555555aa5ac0_0, v0x555555aa46c0_0, C4<1>, C4<1>;
L_0x555555aa9d20 .functor AND 1, v0x555555aa4c60_0, v0x555555aa46c0_0, C4<1>, C4<1>;
L_0x555555ac54e0 .functor AND 1, v0x555555aa4940_0, v0x555555aa46c0_0, C4<1>, C4<1>;
L_0x555555ac5760 .functor AND 1, v0x555555aa5c00_0, v0x555555aa4a80_0, C4<1>, C4<1>;
L_0x555555ac57d0 .functor NOT 1, L_0x555555ac5760, C4<0>, C4<0>, C4<0>;
L_0x555555ac5a60 .functor OR 1, v0x555555aa4c60_0, v0x555555aa5a20_0, C4<0>, C4<0>;
L_0x555555ac5ad0 .functor NOT 1, L_0x555555ac5a60, C4<0>, C4<0>, C4<0>;
L_0x555555ac5d70 .functor AND 1, v0x555555aa4c60_0, v0x555555aa5a20_0, C4<1>, C4<1>;
L_0x555555ac5de0 .functor AND 1, v0x555555aa4b20_0, v0x555555aa4bc0_0, C4<1>, C4<1>;
L_0x555555aa9d90 .functor NOT 1, L_0x555555ac5de0, C4<0>, C4<0>, C4<0>;
L_0x555555ac61f0 .functor OR 1, v0x555555aa4b20_0, v0x555555aa4bc0_0, C4<0>, C4<0>;
L_0x555555ac64b0 .functor AND 1, v0x555555aa4d00_0, v0x555555aa4da0_0, C4<1>, C4<1>;
L_0x555555aaa120 .functor NOT 1, L_0x555555ac64b0, C4<0>, C4<0>, C4<0>;
L_0x555555aa9e50 .functor OR 1, v0x555555aa4d00_0, v0x555555aa4da0_0, C4<0>, C4<0>;
L_0x555555ac69a0 .functor AND 1, v0x555555aa4e40_0, v0x555555aa4ee0_0, C4<1>, C4<1>;
L_0x555555aaa300 .functor NOT 1, L_0x555555ac69a0, C4<0>, C4<0>, C4<0>;
L_0x555555ac6ea0 .functor OR 1, v0x555555aa4e40_0, v0x555555aa4ee0_0, C4<0>, C4<0>;
L_0x555555ac7190 .functor AND 1, v0x555555aa4f80_0, v0x555555aa5020_0, C4<1>, C4<1>;
L_0x555555aaa580 .functor NOT 1, L_0x555555ac7190, C4<0>, C4<0>, C4<0>;
L_0x555555ac76b0 .functor OR 1, v0x555555aa4f80_0, v0x555555aa5020_0, C4<0>, C4<0>;
L_0x555555ac7720 .functor AND 1, v0x555555aa5160_0, v0x555555aa64c0_0, C4<1>, C4<1>;
L_0x555555ac7a30 .functor AND 1, v0x555555aa5160_0, v0x555555aa6560_0, C4<1>, C4<1>;
L_0x555555ac7aa0 .functor AND 1, v0x555555aa5160_0, v0x555555aa4120_0, C4<1>, C4<1>;
L_0x555555ac7dc0 .functor AND 1, v0x555555aa5160_0, v0x555555aa41c0_0, C4<1>, C4<1>;
L_0x555555ac7e30 .functor AND 1, v0x555555aa5160_0, v0x555555aa4260_0, C4<1>, C4<1>;
L_0x555555ac8160 .functor AND 1, v0x555555aa5480_0, v0x555555aa5520_0, C4<1>, C4<1>;
L_0x555555ac81d0 .functor AND 1, v0x555555aa5160_0, v0x555555aa4300_0, C4<1>, C4<1>;
L_0x555555ac8720 .functor AND 1, v0x555555aa5480_0, v0x555555aa5660_0, C4<1>, C4<1>;
L_0x555555ac8790 .functor AND 1, v0x555555aa5160_0, v0x555555aa43a0_0, C4<1>, C4<1>;
L_0x555555ac8ae0 .functor AND 1, v0x555555aa5480_0, v0x555555aa57a0_0, C4<1>, C4<1>;
L_0x555555ac8b50 .functor NOT 1, L_0x555555abfb70, C4<0>, C4<0>, C4<0>;
L_0x555555ac8eb0 .functor NOT 1, L_0x555555ac0f40, C4<0>, C4<0>, C4<0>;
L_0x555555ac8f20 .functor OR 1, L_0x555555ac0cb0, L_0x555555ac0f40, C4<0>, C4<0>;
L_0x555555ac9290 .functor NOT 1, L_0x555555ac10d0, C4<0>, C4<0>, C4<0>;
L_0x555555ac9300 .functor NOT 1, L_0x555555ac10d0, C4<0>, C4<0>, C4<0>;
L_0x555555ac9680 .functor NOT 1, L_0x555555ac14c0, C4<0>, C4<0>, C4<0>;
L_0x555555ac96f0 .functor OR 1, L_0x555555ac19b0, L_0x555555ac1dd0, C4<0>, C4<0>;
L_0x555555ac9b20 .functor NOT 1, L_0x555555ac96f0, C4<0>, C4<0>, C4<0>;
L_0x555555ac9be0 .functor OR 1, L_0x555555ac19b0, L_0x555555ac1f80, C4<0>, C4<0>;
L_0x555555ac9fd0 .functor OR 1, L_0x555555ac19b0, L_0x555555ac2450, C4<0>, C4<0>;
L_0x555555aca040 .functor NOT 1, L_0x555555ac2fe0, C4<0>, C4<0>, C4<0>;
L_0x555555aca440 .functor NOT 1, L_0x555555ac3210, C4<0>, C4<0>, C4<0>;
L_0x555555aca500 .functor NOT 1, L_0x555555ac34a0, C4<0>, C4<0>, C4<0>;
L_0x555555aca910 .functor NOT 1, L_0x555555ac3740, C4<0>, C4<0>, C4<0>;
L_0x555555aca9d0 .functor AND 1, v0x555555aa6380_0, L_0x555555ac3c00, C4<1>, C4<1>;
L_0x555555acada0 .functor NOT 1, L_0x555555aca9d0, C4<0>, C4<0>, C4<0>;
L_0x555555acae60 .functor AND 1, v0x555555aa6420_0, L_0x555555ac3c00, C4<1>, C4<1>;
L_0x555555acb240 .functor AND 1, L_0x555555ac3e70, L_0x555555ac3ee0, C4<1>, C4<1>;
L_0x555555acb300 .functor NOT 1, L_0x555555acb240, C4<0>, C4<0>, C4<0>;
L_0x555555acb740 .functor AND 1, L_0x555555ac3d50, L_0x555555ac3dc0, C4<1>, C4<1>;
L_0x555555acb850 .functor NOT 1, L_0x555555acb740, C4<0>, C4<0>, C4<0>;
L_0x555555acbca0 .functor AND 1, L_0x555555ac4550, L_0x555555ac45c0, C4<1>, C4<1>;
L_0x555555acbdb0 .functor NOT 1, L_0x555555acbca0, C4<0>, C4<0>, C4<0>;
L_0x555555acc210 .functor AND 1, L_0x555555ac4a20, L_0x555555ac4c70, C4<1>, C4<1>;
L_0x555555acc320 .functor NOT 1, L_0x555555acc210, C4<0>, C4<0>, C4<0>;
L_0x555555acc790 .functor NOT 1, L_0x555555ac4fe0, C4<0>, C4<0>, C4<0>;
L_0x555555acc850 .functor OR 1, L_0x555555ac5ad0, L_0x555555ac5d70, C4<0>, C4<0>;
L_0x555555accd20 .functor NOT 1, L_0x555555acc850, C4<0>, C4<0>, C4<0>;
L_0x555555accde0 .functor AND 1, L_0x555555aa9d90, L_0x555555ac61f0, C4<1>, C4<1>;
L_0x555555acd2c0 .functor NOT 1, L_0x555555accde0, C4<0>, C4<0>, C4<0>;
L_0x555555acd380 .functor AND 1, L_0x555555aaa120, L_0x555555aa9e50, C4<1>, C4<1>;
L_0x555555acd870 .functor NOT 1, L_0x555555acd380, C4<0>, C4<0>, C4<0>;
L_0x555555acd930 .functor AND 1, L_0x555555aaa300, L_0x555555ac6ea0, C4<1>, C4<1>;
L_0x555555acde30 .functor NOT 1, L_0x555555acd930, C4<0>, C4<0>, C4<0>;
L_0x555555acdef0 .functor AND 1, L_0x555555aaa580, L_0x555555ac76b0, C4<1>, C4<1>;
L_0x555555ac13f0 .functor NOT 1, L_0x555555acdef0, C4<0>, C4<0>, C4<0>;
L_0x555555ace450 .functor BUFZ 1, L_0x555555ac2980, C4<0>, C4<0>, C4<0>;
L_0x555555ace920 .functor BUFZ 1, L_0x555555ac2bd0, C4<0>, C4<0>, C4<0>;
L_0x555555ace9e0 .functor BUFZ 1, L_0x555555ac2ab0, C4<0>, C4<0>, C4<0>;
L_0x555555aceec0 .functor BUFZ 1, L_0x555555ac3a10, C4<0>, C4<0>, C4<0>;
L_0x555555acef80 .functor OR 1, L_0x555555ac0cb0, L_0x555555ac8eb0, C4<0>, C4<0>;
L_0x555555aceaa0 .functor NOT 1, L_0x555555ac9290, C4<0>, C4<0>, C4<0>;
L_0x555555aceb60 .functor NOT 1, L_0x555555ac9300, C4<0>, C4<0>, C4<0>;
L_0x555555acec20 .functor AND 1, L_0x555555ac9b20, v0x555555aa5de0_0, C4<1>, C4<1>;
L_0x555555acece0 .functor NOT 1, L_0x555555ac9be0, C4<0>, C4<0>, C4<0>;
L_0x555555aced50 .functor NOT 1, L_0x555555ac9fd0, C4<0>, C4<0>, C4<0>;
L_0x555555acee10 .functor NOT 1, L_0x555555acada0, C4<0>, C4<0>, C4<0>;
L_0x555555acf040 .functor NOT 1, L_0x555555acb300, C4<0>, C4<0>, C4<0>;
L_0x555555acf100 .functor NOT 1, L_0x555555acb850, C4<0>, C4<0>, C4<0>;
L_0x555555acf1c0 .functor AND 1, L_0x555555acb300, L_0x555555acb850, C4<1>, C4<1>;
L_0x555555acf230 .functor NOT 1, L_0x555555acbdb0, C4<0>, C4<0>, C4<0>;
L_0x555555acf2f0 .functor NOT 1, L_0x555555acc320, C4<0>, C4<0>, C4<0>;
L_0x555555acf3b0 .functor AND 1, L_0x555555acbdb0, L_0x555555acc320, C4<1>, C4<1>;
L_0x555555acf420 .functor AND 1, L_0x555555ac9680, L_0x555555aca440, C4<1>, C4<1>;
L_0x555555acfa10 .functor NOT 1, L_0x555555acf420, C4<0>, C4<0>, C4<0>;
L_0x555555acf4e0 .functor NOT 1, L_0x555555acd2c0, C4<0>, C4<0>, C4<0>;
L_0x555555acf5a0 .functor NOT 1, L_0x555555acd870, C4<0>, C4<0>, C4<0>;
L_0x555555acf660 .functor AND 1, L_0x555555acd2c0, L_0x555555acd870, C4<1>, C4<1>;
L_0x555555acf6d0 .functor NOT 1, L_0x555555acde30, C4<0>, C4<0>, C4<0>;
L_0x555555acf790 .functor NOT 1, L_0x555555ac13f0, C4<0>, C4<0>, C4<0>;
L_0x555555acf850 .functor AND 1, L_0x555555acde30, L_0x555555ac13f0, C4<1>, C4<1>;
L_0x555555acf8c0 .functor AND 1, v0x555555aa5160_0, L_0x555555acc790, C4<1>, C4<1>;
L_0x555555acfff0 .functor BUFZ 1, L_0x555555ac8b50, C4<0>, C4<0>, C4<0>;
L_0x555555acfad0 .functor BUFZ 1, L_0x555555ac8f20, C4<0>, C4<0>, C4<0>;
L_0x555555acfb90 .functor BUFZ 1, L_0x555555aca040, C4<0>, C4<0>, C4<0>;
L_0x555555acfc50 .functor BUFZ 1, L_0x555555aca500, C4<0>, C4<0>, C4<0>;
L_0x555555acfd10 .functor BUFZ 1, L_0x555555aca910, C4<0>, C4<0>, C4<0>;
L_0x555555acfdd0 .functor BUFZ 1, L_0x555555acae60, C4<0>, C4<0>, C4<0>;
L_0x555555acfe90 .functor NOT 1, L_0x555555acec20, C4<0>, C4<0>, C4<0>;
L_0x555555ad05c0 .functor AND 1, L_0x555555acf040, L_0x555555acf100, C4<1>, C4<1>;
L_0x555555ad0680 .functor AND 1, L_0x555555acf230, L_0x555555acf2f0, C4<1>, C4<1>;
L_0x555555ad00b0 .functor AND 1, L_0x555555ac57d0, L_0x555555aceaa0, C4<1>, C4<1>;
L_0x555555ad01c0 .functor AND 1, L_0x555555ad00b0, v0x555555aa5b60_0, C4<1>, C4<1>;
L_0x555555ad0280 .functor AND 1, L_0x555555aceaa0, v0x555555aa4c60_0, C4<1>, C4<1>;
L_0x555555ad02f0 .functor AND 1, L_0x555555ad0280, L_0x555555ac2630, C4<1>, C4<1>;
L_0x555555ad0400 .functor AND 1, L_0x555555aceaa0, L_0x555555ac2630, C4<1>, C4<1>;
L_0x555555ad0470 .functor AND 1, L_0x555555ad0400, v0x555555aa5b60_0, C4<1>, C4<1>;
L_0x555555ad04e0 .functor NOT 1, L_0x555555ad0470, C4<0>, C4<0>, C4<0>;
L_0x555555ad0790 .functor AND 1, L_0x555555accd20, v0x555555aa5c00_0, C4<1>, C4<1>;
L_0x555555ad0850 .functor AND 1, L_0x555555ad0790, v0x555555aa4a80_0, C4<1>, C4<1>;
L_0x555555ad0910 .functor AND 1, L_0x555555ad0850, L_0x555555aceaa0, C4<1>, C4<1>;
L_0x555555ad09d0 .functor NOT 1, L_0x555555ad0910, C4<0>, C4<0>, C4<0>;
L_0x555555ad0a90 .functor AND 1, L_0x555555aceaa0, L_0x555555ac57d0, C4<1>, C4<1>;
L_0x555555ad0b00 .functor AND 1, L_0x555555ad0a90, v0x555555aa4c60_0, C4<1>, C4<1>;
L_0x555555ad0bc0 .functor NOT 1, L_0x555555ad0b00, C4<0>, C4<0>, C4<0>;
L_0x555555ad1370 .functor AND 1, L_0x555555acf4e0, L_0x555555acf5a0, C4<1>, C4<1>;
L_0x555555ad1430 .functor AND 1, L_0x555555acf6d0, L_0x555555acf790, C4<1>, C4<1>;
L_0x555555ad0de0 .functor BUFZ 1, L_0x555555acef80, C4<0>, C4<0>, C4<0>;
L_0x555555ad0ea0 .functor BUFZ 1, L_0x555555aceb60, C4<0>, C4<0>, C4<0>;
L_0x555555ad0f60 .functor BUFZ 1, L_0x555555acece0, C4<0>, C4<0>, C4<0>;
L_0x555555ad1020 .functor BUFZ 1, L_0x555555aced50, C4<0>, C4<0>, C4<0>;
L_0x555555ad10e0 .functor BUFZ 1, L_0x555555acee10, C4<0>, C4<0>, C4<0>;
L_0x555555ad11a0 .functor NOT 1, L_0x555555acfe90, C4<0>, C4<0>, C4<0>;
L_0x555555ad1260 .functor OR 1, L_0x555555acf1c0, L_0x555555ad05c0, C4<0>, C4<0>;
L_0x555555ad1b10 .functor NOT 1, L_0x555555ad1260, C4<0>, C4<0>, C4<0>;
L_0x555555ad1540 .functor OR 1, L_0x555555acf3b0, L_0x555555ad0680, C4<0>, C4<0>;
L_0x555555ad1650 .functor NOT 1, L_0x555555ad1540, C4<0>, C4<0>, C4<0>;
L_0x555555ad1710 .functor AND 1, L_0x555555ad09d0, L_0x555555acfa10, C4<1>, C4<1>;
L_0x555555ad1820 .functor NOT 1, L_0x555555ad1710, C4<0>, C4<0>, C4<0>;
L_0x555555ad18e0 .functor AND 1, v0x555555aa4760_0, L_0x555555ad01c0, C4<1>, C4<1>;
L_0x555555ad19a0 .functor AND 1, L_0x555555ac4fe0, L_0x555555ad02f0, C4<1>, C4<1>;
L_0x555555ad1a60 .functor AND 1, v0x555555aa4800_0, L_0x555555ad01c0, C4<1>, C4<1>;
L_0x555555ad21e0 .functor AND 1, L_0x555555ac4fe0, L_0x555555ad02f0, C4<1>, C4<1>;
L_0x555555ad1bd0 .functor AND 1, v0x555555aa48a0_0, L_0x555555ad01c0, C4<1>, C4<1>;
L_0x555555ad1cd0 .functor AND 1, L_0x555555ac4fe0, L_0x555555ad02f0, C4<1>, C4<1>;
L_0x555555ad1dd0 .functor AND 1, v0x555555aa49e0_0, L_0x555555ad01c0, C4<1>, C4<1>;
L_0x555555ad1e40 .functor AND 1, L_0x555555ac4fe0, L_0x555555ad02f0, C4<1>, C4<1>;
L_0x555555ad1eb0 .functor AND 1, L_0x555555ad0bc0, v0x555555aa4080_0, C4<1>, C4<1>;
L_0x555555ad1f20 .functor NOT 1, L_0x555555ad1eb0, C4<0>, C4<0>, C4<0>;
L_0x555555ad1f90 .functor OR 1, L_0x555555acc790, L_0x555555ad04e0, C4<0>, C4<0>;
L_0x555555ad2000 .functor OR 1, L_0x555555acc790, L_0x555555ad04e0, C4<0>, C4<0>;
L_0x555555ad2100 .functor OR 1, L_0x555555acc790, L_0x555555ad04e0, C4<0>, C4<0>;
L_0x555555ad2170 .functor OR 1, L_0x555555acc790, L_0x555555ad04e0, C4<0>, C4<0>;
L_0x555555ad2250 .functor OR 1, L_0x555555acf660, L_0x555555ad1370, C4<0>, C4<0>;
L_0x555555ad22c0 .functor NOT 1, L_0x555555ad2250, C4<0>, C4<0>, C4<0>;
L_0x555555ad2380 .functor OR 1, L_0x555555acf850, L_0x555555ad1430, C4<0>, C4<0>;
L_0x555555ad2490 .functor NOT 1, L_0x555555ad2380, C4<0>, C4<0>, C4<0>;
L_0x555555ad2550 .functor AND 1, v0x555555aa4580_0, L_0x555555ad1b10, C4<1>, C4<1>;
L_0x555555ad2610 .functor NOT 1, L_0x555555ad2550, C4<0>, C4<0>, C4<0>;
L_0x555555ad26d0 .functor OR 1, v0x555555aa4580_0, L_0x555555ad1b10, C4<0>, C4<0>;
L_0x555555ad2fe0 .functor AND 1, L_0x555555ad1650, v0x555555aa4620_0, C4<1>, C4<1>;
L_0x555555ad2940 .functor NOT 1, L_0x555555ad2fe0, C4<0>, C4<0>, C4<0>;
L_0x555555ad2a00 .functor OR 1, L_0x555555ad1650, v0x555555aa4620_0, C4<0>, C4<0>;
L_0x555555ad2a70 .functor AND 1, v0x555555aa64c0_0, L_0x555555ad1820, C4<1>, C4<1>;
L_0x555555ad2b30 .functor OR 1, L_0x555555ad18e0, L_0x555555ad19a0, C4<0>, C4<0>;
L_0x555555ad2c40 .functor NOT 1, L_0x555555ad2b30, C4<0>, C4<0>, C4<0>;
L_0x555555ad2d00 .functor AND 1, v0x555555aa6560_0, L_0x555555ad1820, C4<1>, C4<1>;
L_0x555555ad2d70 .functor OR 1, L_0x555555ad1a60, L_0x555555ad21e0, C4<0>, C4<0>;
L_0x555555ad2e80 .functor NOT 1, L_0x555555ad2d70, C4<0>, C4<0>, C4<0>;
L_0x555555ad2f40 .functor AND 1, v0x555555aa4120_0, L_0x555555ad1820, C4<1>, C4<1>;
L_0x555555ad3740 .functor OR 1, L_0x555555ad1bd0, L_0x555555ad1cd0, C4<0>, C4<0>;
L_0x555555ad3050 .functor NOT 1, L_0x555555ad3740, C4<0>, C4<0>, C4<0>;
L_0x555555ad3110 .functor AND 1, v0x555555aa41c0_0, L_0x555555ad1820, C4<1>, C4<1>;
L_0x555555ad3180 .functor OR 1, L_0x555555ad1dd0, L_0x555555ad1e40, C4<0>, C4<0>;
L_0x555555ad3290 .functor NOT 1, L_0x555555ad3180, C4<0>, C4<0>, C4<0>;
L_0x555555ad3350 .functor AND 1, v0x555555aa4760_0, L_0x555555ad1f20, C4<1>, C4<1>;
L_0x555555ad3410 .functor AND 1, v0x555555aa4260_0, L_0x555555ad1820, C4<1>, C4<1>;
L_0x555555ad3480 .functor AND 1, v0x555555aa4800_0, L_0x555555ad1f20, C4<1>, C4<1>;
L_0x555555ad34f0 .functor AND 1, v0x555555aa4300_0, L_0x555555ad1820, C4<1>, C4<1>;
L_0x555555ad3560 .functor AND 1, v0x555555aa48a0_0, L_0x555555ad1f20, C4<1>, C4<1>;
L_0x555555ad3660 .functor AND 1, v0x555555aa43a0_0, L_0x555555ad1820, C4<1>, C4<1>;
L_0x555555ad36d0 .functor AND 1, v0x555555aa49e0_0, L_0x555555ad1f20, C4<1>, C4<1>;
L_0x555555ad3800 .functor AND 1, v0x555555aa4440_0, L_0x555555ad1820, C4<1>, C4<1>;
L_0x555555ad3980 .functor AND 1, v0x555555aa4580_0, L_0x555555ad22c0, C4<1>, C4<1>;
L_0x555555ad39f0 .functor NOT 1, L_0x555555ad3980, C4<0>, C4<0>, C4<0>;
L_0x555555ad3ab0 .functor OR 1, v0x555555aa4580_0, L_0x555555ad22c0, C4<0>, C4<0>;
L_0x555555ad3b20 .functor AND 1, L_0x555555ad2490, v0x555555aa50c0_0, C4<1>, C4<1>;
L_0x555555ad3be0 .functor NOT 1, L_0x555555ad3b20, C4<0>, C4<0>, C4<0>;
L_0x555555ad3ca0 .functor OR 1, L_0x555555ad2490, v0x555555aa50c0_0, C4<0>, C4<0>;
L_0x555555ad3d10 .functor AND 1, L_0x555555ad11a0, v0x555555aa4b20_0, C4<1>, C4<1>;
L_0x555555ad3dd0 .functor AND 1, L_0x555555ad11a0, v0x555555aa4bc0_0, C4<1>, C4<1>;
L_0x555555ad3e40 .functor AND 1, L_0x555555ad11a0, v0x555555aa4d00_0, C4<1>, C4<1>;
L_0x555555ad3eb0 .functor AND 1, L_0x555555ad11a0, v0x555555aa4da0_0, C4<1>, C4<1>;
L_0x555555ad4800 .functor AND 1, L_0x555555ad11a0, v0x555555aa4e40_0, C4<1>, C4<1>;
L_0x555555ad4870 .functor AND 1, L_0x555555ad11a0, v0x555555aa4ee0_0, C4<1>, C4<1>;
L_0x555555ad4050 .functor NOT 1, L_0x555555ad4870, C4<0>, C4<0>, C4<0>;
L_0x555555ad40c0 .functor AND 1, L_0x555555ad11a0, v0x555555aa4f80_0, C4<1>, C4<1>;
L_0x555555ad4240 .functor NOT 1, L_0x555555ad40c0, C4<0>, C4<0>, C4<0>;
L_0x555555ad4300 .functor AND 1, L_0x555555ad11a0, v0x555555aa5020_0, C4<1>, C4<1>;
L_0x555555ad4370 .functor NOT 1, L_0x555555ad4300, C4<0>, C4<0>, C4<0>;
L_0x555555ad4430 .functor AND 1, L_0x555555ad2610, L_0x555555ad26d0, C4<1>, C4<1>;
L_0x555555ad4540 .functor NOT 1, L_0x555555ad4430, C4<0>, C4<0>, C4<0>;
L_0x555555ad4600 .functor AND 1, L_0x555555ad2940, L_0x555555ad2a00, C4<1>, C4<1>;
L_0x555555ad4710 .functor NOT 1, L_0x555555ad4600, C4<0>, C4<0>, C4<0>;
L_0x555555ad50e0 .functor OR 1, L_0x555555aa9b10, L_0x555555ad2a70, C4<0>, C4<0>;
L_0x555555ad48e0 .functor NOT 1, L_0x555555ad50e0, C4<0>, C4<0>, C4<0>;
L_0x555555ad49a0 .functor OR 1, L_0x555555ac5050, L_0x555555ad2d00, C4<0>, C4<0>;
L_0x555555ad4ab0 .functor NOT 1, L_0x555555ad49a0, C4<0>, C4<0>, C4<0>;
L_0x555555ad4b70 .functor OR 1, L_0x555555aa9d20, L_0x555555ad2f40, C4<0>, C4<0>;
L_0x555555ad4c80 .functor NOT 1, L_0x555555ad4b70, C4<0>, C4<0>, C4<0>;
L_0x555555ad4d40 .functor OR 1, L_0x555555ac54e0, L_0x555555ad3110, C4<0>, C4<0>;
L_0x555555ad4e50 .functor NOT 1, L_0x555555ad4d40, C4<0>, C4<0>, C4<0>;
L_0x555555ad4f10 .functor OR 1, L_0x555555ad3350, L_0x555555ad3410, C4<0>, C4<0>;
L_0x555555ad5020 .functor NOT 1, L_0x555555ad4f10, C4<0>, C4<0>, C4<0>;
L_0x555555ad5a40 .functor OR 1, L_0x555555ad3480, L_0x555555ad34f0, C4<0>, C4<0>;
L_0x555555ad51f0 .functor NOT 1, L_0x555555ad5a40, C4<0>, C4<0>, C4<0>;
L_0x555555ad52b0 .functor OR 1, L_0x555555ad3560, L_0x555555ad3660, C4<0>, C4<0>;
L_0x555555ad53c0 .functor NOT 1, L_0x555555ad52b0, C4<0>, C4<0>, C4<0>;
L_0x555555ad5480 .functor OR 1, L_0x555555ad36d0, L_0x555555ad3800, C4<0>, C4<0>;
L_0x555555ad5590 .functor NOT 1, L_0x555555ad5480, C4<0>, C4<0>, C4<0>;
L_0x555555ad5650 .functor AND 1, L_0x555555ad39f0, L_0x555555ad3ab0, C4<1>, C4<1>;
L_0x555555ad5760 .functor NOT 1, L_0x555555ad5650, C4<0>, C4<0>, C4<0>;
L_0x555555ad5820 .functor AND 1, L_0x555555ad3be0, L_0x555555ad3ca0, C4<1>, C4<1>;
L_0x555555ad5930 .functor NOT 1, L_0x555555ad5820, C4<0>, C4<0>, C4<0>;
L_0x555555ad63f0 .functor NOT 1, L_0x555555ad4540, C4<0>, C4<0>, C4<0>;
L_0x555555ad5b50 .functor NOT 1, L_0x555555ad4710, C4<0>, C4<0>, C4<0>;
L_0x555555ad5c10 .functor AND 1, L_0x555555ad4540, L_0x555555ad4710, C4<1>, C4<1>;
L_0x555555ad5c80 .functor AND 1, L_0x555555ad48e0, L_0x555555ad2c40, C4<1>, C4<1>;
L_0x555555ad5d90 .functor NOT 1, L_0x555555ad5c80, C4<0>, C4<0>, C4<0>;
L_0x555555ad5e50 .functor AND 1, L_0x555555ad4ab0, L_0x555555ad2e80, C4<1>, C4<1>;
L_0x555555ad5f60 .functor NOT 1, L_0x555555ad5e50, C4<0>, C4<0>, C4<0>;
L_0x555555ad6020 .functor AND 1, L_0x555555ad4c80, L_0x555555ad3050, C4<1>, C4<1>;
L_0x555555ad6130 .functor NOT 1, L_0x555555ad6020, C4<0>, C4<0>, C4<0>;
L_0x555555ad61f0 .functor AND 1, L_0x555555ad4e50, L_0x555555ad3290, C4<1>, C4<1>;
L_0x555555ad6300 .functor NOT 1, L_0x555555ad61f0, C4<0>, C4<0>, C4<0>;
L_0x555555ad6d60 .functor AND 1, L_0x555555ad1f90, L_0x555555ad5020, C4<1>, C4<1>;
L_0x555555ad6e70 .functor NOT 1, L_0x555555ad6d60, C4<0>, C4<0>, C4<0>;
L_0x555555ad6460 .functor AND 1, L_0x555555ad2000, L_0x555555ad51f0, C4<1>, C4<1>;
L_0x555555ad6570 .functor NOT 1, L_0x555555ad6460, C4<0>, C4<0>, C4<0>;
L_0x555555ad6630 .functor AND 1, L_0x555555ad2100, L_0x555555ad53c0, C4<1>, C4<1>;
L_0x555555ad6740 .functor NOT 1, L_0x555555ad6630, C4<0>, C4<0>, C4<0>;
L_0x555555ad6800 .functor AND 1, L_0x555555ad2170, L_0x555555ad5590, C4<1>, C4<1>;
L_0x555555ad6910 .functor NOT 1, L_0x555555ad6800, C4<0>, C4<0>, C4<0>;
L_0x555555ad69d0 .functor NOT 1, L_0x555555ad5760, C4<0>, C4<0>, C4<0>;
L_0x555555ad6a90 .functor NOT 1, L_0x555555ad5930, C4<0>, C4<0>, C4<0>;
L_0x555555ad6b50 .functor AND 1, L_0x555555ad5760, L_0x555555ad5930, C4<1>, C4<1>;
L_0x555555ad6bc0 .functor AND 1, L_0x555555ad63f0, L_0x555555ad5b50, C4<1>, C4<1>;
L_0x555555ad6cd0 .functor AND 1, L_0x555555ad69d0, L_0x555555ad6a90, C4<1>, C4<1>;
L_0x555555ad7930 .functor AND 1, L_0x555555ad5d90, v0x555555aa4b20_0, C4<1>, C4<1>;
L_0x555555ad6f30 .functor NOT 1, L_0x555555ad7930, C4<0>, C4<0>, C4<0>;
L_0x555555ad6ff0 .functor OR 1, L_0x555555ad5d90, v0x555555aa4b20_0, C4<0>, C4<0>;
L_0x555555ad7060 .functor AND 1, v0x555555aa53e0_0, L_0x555555ad5d90, C4<1>, C4<1>;
L_0x555555ad70d0 .functor AND 1, L_0x555555ad5f60, v0x555555aa4bc0_0, C4<1>, C4<1>;
L_0x555555ad7140 .functor NOT 1, L_0x555555ad70d0, C4<0>, C4<0>, C4<0>;
L_0x555555ad7200 .functor OR 1, L_0x555555ad5f60, v0x555555aa4bc0_0, C4<0>, C4<0>;
L_0x555555ad7270 .functor AND 1, v0x555555aa53e0_0, L_0x555555ad5f60, C4<1>, C4<1>;
L_0x555555ad72e0 .functor AND 1, L_0x555555ad6130, v0x555555aa4d00_0, C4<1>, C4<1>;
L_0x555555ad7350 .functor NOT 1, L_0x555555ad72e0, C4<0>, C4<0>, C4<0>;
L_0x555555ad7410 .functor OR 1, L_0x555555ad6130, v0x555555aa4d00_0, C4<0>, C4<0>;
L_0x555555ad7480 .functor AND 1, v0x555555aa53e0_0, L_0x555555ad6130, C4<1>, C4<1>;
L_0x555555ad7580 .functor AND 1, L_0x555555ad6300, v0x555555aa4da0_0, C4<1>, C4<1>;
L_0x555555ad75f0 .functor NOT 1, L_0x555555ad7580, C4<0>, C4<0>, C4<0>;
L_0x555555ad76b0 .functor OR 1, L_0x555555ad6300, v0x555555aa4da0_0, C4<0>, C4<0>;
L_0x555555ad7720 .functor AND 1, v0x555555aa53e0_0, L_0x555555ad6300, C4<1>, C4<1>;
L_0x555555ad7820 .functor AND 1, L_0x555555ad6e70, v0x555555aa4e40_0, C4<1>, C4<1>;
L_0x555555ad83e0 .functor NOT 1, L_0x555555ad7820, C4<0>, C4<0>, C4<0>;
L_0x555555ad84a0 .functor OR 1, L_0x555555ad6e70, v0x555555aa4e40_0, C4<0>, C4<0>;
L_0x555555ad79f0 .functor AND 1, v0x555555aa53e0_0, L_0x555555ad6e70, C4<1>, C4<1>;
L_0x555555ad7af0 .functor AND 1, L_0x555555ad6570, v0x555555aa4ee0_0, C4<1>, C4<1>;
L_0x555555ad7b60 .functor NOT 1, L_0x555555ad7af0, C4<0>, C4<0>, C4<0>;
L_0x555555ad7c20 .functor OR 1, L_0x555555ad6570, v0x555555aa4ee0_0, C4<0>, C4<0>;
L_0x555555ad7c90 .functor AND 1, v0x555555aa53e0_0, L_0x555555ad6570, C4<1>, C4<1>;
L_0x555555ad7fa0 .functor AND 1, L_0x555555ad6740, v0x555555aa4f80_0, C4<1>, C4<1>;
L_0x555555ad8010 .functor NOT 1, L_0x555555ad7fa0, C4<0>, C4<0>, C4<0>;
L_0x555555ad80d0 .functor OR 1, L_0x555555ad6740, v0x555555aa4f80_0, C4<0>, C4<0>;
L_0x555555ad8140 .functor AND 1, v0x555555aa53e0_0, L_0x555555ad6740, C4<1>, C4<1>;
L_0x555555ad8240 .functor AND 1, L_0x555555ad6910, v0x555555aa5020_0, C4<1>, C4<1>;
L_0x555555ad82b0 .functor NOT 1, L_0x555555ad8240, C4<0>, C4<0>, C4<0>;
L_0x555555ad8370 .functor OR 1, L_0x555555ad6910, v0x555555aa5020_0, C4<0>, C4<0>;
L_0x555555ad8f70 .functor AND 1, v0x555555aa53e0_0, L_0x555555ad6910, C4<1>, C4<1>;
L_0x555555ad9070 .functor OR 1, L_0x555555ad5c10, L_0x555555ad6bc0, C4<0>, C4<0>;
L_0x555555ad8510 .functor NOT 1, L_0x555555ad9070, C4<0>, C4<0>, C4<0>;
L_0x555555ad85d0 .functor OR 1, L_0x555555ad6b50, L_0x555555ad6cd0, C4<0>, C4<0>;
L_0x555555ad86e0 .functor NOT 1, L_0x555555ad85d0, C4<0>, C4<0>, C4<0>;
L_0x555555ad87a0 .functor NOT 1, L_0x555555ad6f30, C4<0>, C4<0>, C4<0>;
L_0x555555ad8860 .functor AND 1, L_0x555555ad6ff0, L_0x555555ad6f30, C4<1>, C4<1>;
L_0x555555ad8920 .functor OR 1, L_0x555555ad7060, L_0x555555ad3d10, C4<0>, C4<0>;
L_0x555555ad8a30 .functor NOT 1, L_0x555555ad8920, C4<0>, C4<0>, C4<0>;
L_0x555555ad8af0 .functor NOT 1, L_0x555555ad7140, C4<0>, C4<0>, C4<0>;
L_0x555555ad8bb0 .functor AND 1, L_0x555555ad7200, L_0x555555ad7140, C4<1>, C4<1>;
L_0x555555ad8c70 .functor OR 1, L_0x555555ad7270, L_0x555555ad3dd0, C4<0>, C4<0>;
L_0x555555ad8d80 .functor NOT 1, L_0x555555ad8c70, C4<0>, C4<0>, C4<0>;
L_0x555555ad8e40 .functor NOT 1, L_0x555555ad7350, C4<0>, C4<0>, C4<0>;
L_0x555555ad8f00 .functor AND 1, L_0x555555ad7410, L_0x555555ad7350, C4<1>, C4<1>;
L_0x555555ad9c50 .functor OR 1, L_0x555555ad7480, L_0x555555ad3e40, C4<0>, C4<0>;
L_0x555555ad9130 .functor NOT 1, L_0x555555ad9c50, C4<0>, C4<0>, C4<0>;
L_0x555555ad91f0 .functor NOT 1, L_0x555555ad75f0, C4<0>, C4<0>, C4<0>;
L_0x555555ad92b0 .functor AND 1, L_0x555555ad76b0, L_0x555555ad75f0, C4<1>, C4<1>;
L_0x555555ad9370 .functor OR 1, L_0x555555ad7720, L_0x555555ad3eb0, C4<0>, C4<0>;
L_0x555555ad9480 .functor NOT 1, L_0x555555ad9370, C4<0>, C4<0>, C4<0>;
L_0x555555ad9540 .functor NOT 1, L_0x555555ad83e0, C4<0>, C4<0>, C4<0>;
L_0x555555ad9600 .functor AND 1, L_0x555555ad84a0, L_0x555555ad83e0, C4<1>, C4<1>;
L_0x555555ad96c0 .functor OR 1, L_0x555555ad79f0, L_0x555555ad4800, C4<0>, C4<0>;
L_0x555555ad97d0 .functor NOT 1, L_0x555555ad96c0, C4<0>, C4<0>, C4<0>;
L_0x555555ad9890 .functor NOT 1, L_0x555555ad7b60, C4<0>, C4<0>, C4<0>;
L_0x555555ad9950 .functor AND 1, L_0x555555ad7c20, L_0x555555ad7b60, C4<1>, C4<1>;
L_0x555555ad9a10 .functor OR 1, L_0x555555ac8160, L_0x555555ad7c90, C4<0>, C4<0>;
L_0x555555ad9b20 .functor NOT 1, L_0x555555ad9a10, C4<0>, C4<0>, C4<0>;
L_0x555555ada8a0 .functor NOT 1, L_0x555555ad8010, C4<0>, C4<0>, C4<0>;
L_0x555555ad9d60 .functor AND 1, L_0x555555ad80d0, L_0x555555ad8010, C4<1>, C4<1>;
L_0x555555ad9e20 .functor OR 1, L_0x555555ac8720, L_0x555555ad8140, C4<0>, C4<0>;
L_0x555555ad9f30 .functor NOT 1, L_0x555555ad9e20, C4<0>, C4<0>, C4<0>;
L_0x555555ad9ff0 .functor NOT 1, L_0x555555ad82b0, C4<0>, C4<0>, C4<0>;
L_0x555555ada0b0 .functor AND 1, L_0x555555ad8370, L_0x555555ad82b0, C4<1>, C4<1>;
L_0x555555ada170 .functor OR 1, L_0x555555ac8ae0, L_0x555555ad8f70, C4<0>, C4<0>;
L_0x555555ada280 .functor NOT 1, L_0x555555ada170, C4<0>, C4<0>, C4<0>;
L_0x555555ada340 .functor AND 1, L_0x555555ad8370, v0x555555aa5700_0, C4<1>, C4<1>;
L_0x555555ada3b0 .functor NOT 1, L_0x555555ada340, C4<0>, C4<0>, C4<0>;
L_0x555555ada470 .functor AND 1, L_0x555555ad80d0, L_0x555555ad8370, C4<1>, C4<1>;
L_0x555555ada4e0 .functor AND 1, L_0x555555ada470, v0x555555aa5700_0, C4<1>, C4<1>;
L_0x555555ada550 .functor NOT 1, L_0x555555ada4e0, C4<0>, C4<0>, C4<0>;
L_0x555555ada610 .functor AND 1, L_0x555555ad7c20, L_0x555555ad80d0, C4<1>, C4<1>;
L_0x555555ada710 .functor AND 1, L_0x555555ada610, L_0x555555ad8370, C4<1>, C4<1>;
L_0x555555ada780 .functor AND 1, L_0x555555ada710, v0x555555aa5700_0, C4<1>, C4<1>;
L_0x555555adb520 .functor NOT 1, L_0x555555ada780, C4<0>, C4<0>, C4<0>;
L_0x555555ada960 .functor NOT 1, L_0x555555ad87a0, C4<0>, C4<0>, C4<0>;
L_0x555555adaa20 .functor AND 1, v0x555555aa52a0_0, L_0x555555ad8860, C4<1>, C4<1>;
L_0x555555adaae0 .functor AND 1, v0x555555aa5340_0, L_0x555555ad87a0, C4<1>, C4<1>;
L_0x555555adab50 .functor NOT 1, L_0x555555ad8af0, C4<0>, C4<0>, C4<0>;
L_0x555555adac10 .functor AND 1, v0x555555aa52a0_0, L_0x555555ad8bb0, C4<1>, C4<1>;
L_0x555555adacd0 .functor AND 1, v0x555555aa5340_0, L_0x555555ad8af0, C4<1>, C4<1>;
L_0x555555adad40 .functor NOT 1, L_0x555555ad8e40, C4<0>, C4<0>, C4<0>;
L_0x555555adae00 .functor AND 1, v0x555555aa52a0_0, L_0x555555ad8f00, C4<1>, C4<1>;
L_0x555555adaec0 .functor AND 1, v0x555555aa5340_0, L_0x555555ad8e40, C4<1>, C4<1>;
L_0x555555adaf30 .functor NOT 1, L_0x555555ad91f0, C4<0>, C4<0>, C4<0>;
L_0x555555adaff0 .functor AND 1, v0x555555aa52a0_0, L_0x555555ad92b0, C4<1>, C4<1>;
L_0x555555adb0b0 .functor AND 1, v0x555555aa5340_0, L_0x555555ad91f0, C4<1>, C4<1>;
L_0x555555adb120 .functor NOT 1, L_0x555555ad9540, C4<0>, C4<0>, C4<0>;
L_0x555555adb1e0 .functor AND 1, v0x555555aa52a0_0, L_0x555555ad9600, C4<1>, C4<1>;
L_0x555555adb2a0 .functor AND 1, v0x555555aa5340_0, L_0x555555ad9540, C4<1>, C4<1>;
L_0x555555adb310 .functor NOT 1, L_0x555555ad9890, C4<0>, C4<0>, C4<0>;
L_0x555555adb3d0 .functor AND 1, v0x555555aa52a0_0, L_0x555555ad9950, C4<1>, C4<1>;
L_0x555555adb490 .functor AND 1, v0x555555aa5340_0, L_0x555555ad9890, C4<1>, C4<1>;
L_0x555555adb590 .functor NOT 1, L_0x555555ada8a0, C4<0>, C4<0>, C4<0>;
L_0x555555adb650 .functor AND 1, v0x555555aa52a0_0, L_0x555555ad9d60, C4<1>, C4<1>;
L_0x555555adb710 .functor AND 1, v0x555555aa5340_0, L_0x555555ada8a0, C4<1>, C4<1>;
L_0x555555adb780 .functor NOT 1, L_0x555555ad9ff0, C4<0>, C4<0>, C4<0>;
L_0x555555adb840 .functor OR 1, L_0x555555ada0b0, v0x555555aa5700_0, C4<0>, C4<0>;
L_0x555555adb900 .functor NOT 1, L_0x555555adb840, C4<0>, C4<0>, C4<0>;
L_0x555555adb9c0 .functor AND 1, L_0x555555ada0b0, v0x555555aa5700_0, C4<1>, C4<1>;
L_0x555555adba30 .functor AND 1, v0x555555aa52a0_0, L_0x555555ada0b0, C4<1>, C4<1>;
L_0x555555adbb30 .functor AND 1, v0x555555aa5340_0, L_0x555555ad9ff0, C4<1>, C4<1>;
L_0x555555adbba0 .functor AND 1, L_0x555555ad80d0, L_0x555555ad9ff0, C4<1>, C4<1>;
L_0x555555adbca0 .functor NOT 1, L_0x555555adbba0, C4<0>, C4<0>, C4<0>;
L_0x555555adbd10 .functor AND 1, L_0x555555ad7c20, L_0x555555ada8a0, C4<1>, C4<1>;
L_0x555555adbea0 .functor NOT 1, L_0x555555adbd10, C4<0>, C4<0>, C4<0>;
L_0x555555adbf10 .functor AND 1, L_0x555555ad7c20, L_0x555555ad80d0, C4<1>, C4<1>;
L_0x555555adbf80 .functor AND 1, L_0x555555adbf10, L_0x555555ad9ff0, C4<1>, C4<1>;
L_0x555555adbff0 .functor NOT 1, L_0x555555adbf80, C4<0>, C4<0>, C4<0>;
L_0x555555adc060 .functor AND 1, L_0x555555ad7410, L_0x555555ad91f0, C4<1>, C4<1>;
L_0x555555adc160 .functor NOT 1, L_0x555555adc060, C4<0>, C4<0>, C4<0>;
L_0x555555add2f0 .functor AND 1, L_0x555555ad7200, L_0x555555ad8e40, C4<1>, C4<1>;
L_0x555555add3f0 .functor NOT 1, L_0x555555add2f0, C4<0>, C4<0>, C4<0>;
L_0x555555adc600 .functor AND 1, L_0x555555ad7200, L_0x555555ad7410, C4<1>, C4<1>;
L_0x555555adc790 .functor AND 1, L_0x555555adc600, L_0x555555ad91f0, C4<1>, C4<1>;
L_0x555555adc800 .functor NOT 1, L_0x555555adc790, C4<0>, C4<0>, C4<0>;
L_0x555555adc870 .functor BUFZ 1, L_0x555555ad8510, C4<0>, C4<0>, C4<0>;
L_0x555555adc930 .functor BUFZ 1, L_0x555555ad86e0, C4<0>, C4<0>, C4<0>;
L_0x555555adc9f0 .functor OR 1, L_0x555555adaa20, L_0x555555adaae0, C4<0>, C4<0>;
L_0x555555adcb00 .functor NOT 1, L_0x555555adc9f0, C4<0>, C4<0>, C4<0>;
L_0x555555adcbc0 .functor OR 1, L_0x555555adac10, L_0x555555adacd0, C4<0>, C4<0>;
L_0x555555adccd0 .functor NOT 1, L_0x555555adcbc0, C4<0>, C4<0>, C4<0>;
L_0x555555adcd90 .functor OR 1, L_0x555555adae00, L_0x555555adaec0, C4<0>, C4<0>;
L_0x555555adcea0 .functor NOT 1, L_0x555555adcd90, C4<0>, C4<0>, C4<0>;
L_0x555555adcf60 .functor OR 1, L_0x555555adaff0, L_0x555555adb0b0, C4<0>, C4<0>;
L_0x555555add070 .functor NOT 1, L_0x555555adcf60, C4<0>, C4<0>, C4<0>;
L_0x555555add130 .functor AND 1, L_0x555555adb310, L_0x555555adbea0, C4<1>, C4<1>;
L_0x555555add240 .functor AND 1, L_0x555555add130, L_0x555555adbff0, C4<1>, C4<1>;
L_0x555555ade270 .functor AND 1, L_0x555555add240, L_0x555555adb520, C4<1>, C4<1>;
L_0x555555add460 .functor NOT 1, L_0x555555ade270, C4<0>, C4<0>, C4<0>;
L_0x555555add520 .functor OR 1, L_0x555555adb1e0, L_0x555555adb2a0, C4<0>, C4<0>;
L_0x555555add630 .functor NOT 1, L_0x555555add520, C4<0>, C4<0>, C4<0>;
L_0x555555add6f0 .functor AND 1, L_0x555555adb590, L_0x555555adbca0, C4<1>, C4<1>;
L_0x555555add800 .functor AND 1, L_0x555555add6f0, L_0x555555ada550, C4<1>, C4<1>;
L_0x555555add910 .functor NOT 1, L_0x555555add800, C4<0>, C4<0>, C4<0>;
L_0x555555add9d0 .functor OR 1, L_0x555555adb3d0, L_0x555555adb490, C4<0>, C4<0>;
L_0x555555addae0 .functor NOT 1, L_0x555555add9d0, C4<0>, C4<0>, C4<0>;
L_0x555555addba0 .functor AND 1, L_0x555555adb780, L_0x555555ada3b0, C4<1>, C4<1>;
L_0x555555addcb0 .functor NOT 1, L_0x555555addba0, C4<0>, C4<0>, C4<0>;
L_0x555555addd70 .functor OR 1, L_0x555555adb650, L_0x555555adb710, C4<0>, C4<0>;
L_0x555555adde80 .functor NOT 1, L_0x555555addd70, C4<0>, C4<0>, C4<0>;
L_0x555555addf40 .functor OR 1, L_0x555555adb900, L_0x555555adb9c0, C4<0>, C4<0>;
L_0x555555ade050 .functor NOT 1, L_0x555555addf40, C4<0>, C4<0>, C4<0>;
L_0x555555ade110 .functor OR 1, L_0x555555adba30, L_0x555555adbb30, C4<0>, C4<0>;
L_0x555555adf1c0 .functor NOT 1, L_0x555555ade110, C4<0>, C4<0>, C4<0>;
L_0x555555ade380 .functor OR 1, L_0x555555ad9600, L_0x555555add460, C4<0>, C4<0>;
L_0x555555ade440 .functor NOT 1, L_0x555555ade380, C4<0>, C4<0>, C4<0>;
L_0x555555ade500 .functor AND 1, L_0x555555ad9600, L_0x555555add460, C4<1>, C4<1>;
L_0x555555ade600 .functor OR 1, L_0x555555ad9950, L_0x555555add910, C4<0>, C4<0>;
L_0x555555ade670 .functor NOT 1, L_0x555555ade600, C4<0>, C4<0>, C4<0>;
L_0x555555ade730 .functor AND 1, L_0x555555ad9950, L_0x555555add910, C4<1>, C4<1>;
L_0x555555ade830 .functor OR 1, L_0x555555ad9d60, L_0x555555addcb0, C4<0>, C4<0>;
L_0x555555ade8a0 .functor NOT 1, L_0x555555ade830, C4<0>, C4<0>, C4<0>;
L_0x555555ade960 .functor AND 1, L_0x555555ad9d60, L_0x555555addcb0, C4<1>, C4<1>;
L_0x555555adea60 .functor AND 1, v0x555555aa5200_0, L_0x555555ade050, C4<1>, C4<1>;
L_0x555555adead0 .functor AND 1, L_0x555555ad84a0, L_0x555555add460, C4<1>, C4<1>;
L_0x555555adebd0 .functor NOT 1, L_0x555555adead0, C4<0>, C4<0>, C4<0>;
L_0x555555adec40 .functor AND 1, L_0x555555adebd0, L_0x555555adb120, C4<1>, C4<1>;
L_0x555555aded50 .functor NOT 1, L_0x555555adec40, C4<0>, C4<0>, C4<0>;
L_0x555555adee10 .functor OR 1, L_0x555555ade440, L_0x555555ade500, C4<0>, C4<0>;
L_0x555555adef20 .functor NOT 1, L_0x555555adee10, C4<0>, C4<0>, C4<0>;
L_0x555555adefe0 .functor OR 1, L_0x555555ade670, L_0x555555ade730, C4<0>, C4<0>;
L_0x555555adf0f0 .functor NOT 1, L_0x555555adefe0, C4<0>, C4<0>, C4<0>;
L_0x555555adf280 .functor OR 1, L_0x555555ade8a0, L_0x555555ade960, C4<0>, C4<0>;
L_0x555555adf390 .functor NOT 1, L_0x555555adf280, C4<0>, C4<0>, C4<0>;
L_0x555555adf450 .functor OR 1, L_0x555555ac8790, L_0x555555adea60, C4<0>, C4<0>;
L_0x555555adf560 .functor NOT 1, L_0x555555adf450, C4<0>, C4<0>, C4<0>;
L_0x555555adf620 .functor OR 1, L_0x555555ad92b0, L_0x555555aded50, C4<0>, C4<0>;
L_0x555555adf6e0 .functor NOT 1, L_0x555555adf620, C4<0>, C4<0>, C4<0>;
L_0x555555adf7a0 .functor AND 1, L_0x555555ad92b0, L_0x555555aded50, C4<1>, C4<1>;
L_0x555555adf8a0 .functor AND 1, v0x555555aa5200_0, L_0x555555adef20, C4<1>, C4<1>;
L_0x555555adf910 .functor AND 1, v0x555555aa5200_0, L_0x555555adf0f0, C4<1>, C4<1>;
L_0x555555adf9d0 .functor AND 1, v0x555555aa5200_0, L_0x555555adf390, C4<1>, C4<1>;
L_0x555555adfa90 .functor AND 1, L_0x555555adf560, L_0x555555adf1c0, C4<1>, C4<1>;
L_0x555555adfba0 .functor AND 1, L_0x555555adfa90, L_0x555555ada280, C4<1>, C4<1>;
L_0x555555adfcb0 .functor AND 1, L_0x555555adfba0, L_0x555555ad4370, C4<1>, C4<1>;
L_0x555555adfdc0 .functor NOT 1, L_0x555555adfcb0, C4<0>, C4<0>, C4<0>;
L_0x555555adfe80 .functor AND 1, L_0x555555ad76b0, L_0x555555aded50, C4<1>, C4<1>;
L_0x555555adff80 .functor NOT 1, L_0x555555adfe80, C4<0>, C4<0>, C4<0>;
L_0x555555adfff0 .functor AND 1, L_0x555555ad7410, L_0x555555ad76b0, C4<1>, C4<1>;
L_0x555555ae1060 .functor AND 1, L_0x555555adfff0, L_0x555555aded50, C4<1>, C4<1>;
L_0x555555ae0150 .functor NOT 1, L_0x555555ae1060, C4<0>, C4<0>, C4<0>;
L_0x555555ae0210 .functor AND 1, L_0x555555ad7200, L_0x555555ad7410, C4<1>, C4<1>;
L_0x555555ae0280 .functor AND 1, L_0x555555ae0210, L_0x555555ad76b0, C4<1>, C4<1>;
L_0x555555ae0340 .functor AND 1, L_0x555555ae0280, L_0x555555aded50, C4<1>, C4<1>;
L_0x555555ae0400 .functor NOT 1, L_0x555555ae0340, C4<0>, C4<0>, C4<0>;
L_0x555555ae04c0 .functor AND 1, L_0x555555adab50, L_0x555555add3f0, C4<1>, C4<1>;
L_0x555555ae05d0 .functor AND 1, L_0x555555ae04c0, L_0x555555adc800, C4<1>, C4<1>;
L_0x555555ae06e0 .functor AND 1, L_0x555555ae05d0, L_0x555555ae0400, C4<1>, C4<1>;
L_0x555555ae07f0 .functor NOT 1, L_0x555555ae06e0, C4<0>, C4<0>, C4<0>;
L_0x555555ae08b0 .functor AND 1, L_0x555555adad40, L_0x555555adc160, C4<1>, C4<1>;
L_0x555555ae09c0 .functor AND 1, L_0x555555ae08b0, L_0x555555ae0150, C4<1>, C4<1>;
L_0x555555ae0ad0 .functor NOT 1, L_0x555555ae09c0, C4<0>, C4<0>, C4<0>;
L_0x555555ae0b90 .functor AND 1, L_0x555555adaf30, L_0x555555adff80, C4<1>, C4<1>;
L_0x555555ae0ca0 .functor NOT 1, L_0x555555ae0b90, C4<0>, C4<0>, C4<0>;
L_0x555555ae0d60 .functor OR 1, L_0x555555adf6e0, L_0x555555adf7a0, C4<0>, C4<0>;
L_0x555555ae0e70 .functor NOT 1, L_0x555555ae0d60, C4<0>, C4<0>, C4<0>;
L_0x555555ae0f30 .functor OR 1, L_0x555555ac7dc0, L_0x555555adf8a0, C4<0>, C4<0>;
L_0x555555ae2070 .functor NOT 1, L_0x555555ae0f30, C4<0>, C4<0>, C4<0>;
L_0x555555ae10d0 .functor OR 1, L_0x555555ac7e30, L_0x555555adf910, C4<0>, C4<0>;
L_0x555555ae11e0 .functor NOT 1, L_0x555555ae10d0, C4<0>, C4<0>, C4<0>;
L_0x555555ae12a0 .functor OR 1, L_0x555555ac81d0, L_0x555555adf9d0, C4<0>, C4<0>;
L_0x555555ae13b0 .functor NOT 1, L_0x555555ae12a0, C4<0>, C4<0>, C4<0>;
L_0x555555ae1470 .functor NOT 1, L_0x555555adfdc0, C4<0>, C4<0>, C4<0>;
L_0x555555ae1530 .functor OR 1, L_0x555555ad8860, L_0x555555ae07f0, C4<0>, C4<0>;
L_0x555555ae15f0 .functor NOT 1, L_0x555555ae1530, C4<0>, C4<0>, C4<0>;
L_0x555555ae16b0 .functor AND 1, L_0x555555ad8860, L_0x555555ae07f0, C4<1>, C4<1>;
L_0x555555ae17b0 .functor OR 1, L_0x555555ad8bb0, L_0x555555ae0ad0, C4<0>, C4<0>;
L_0x555555ae1820 .functor NOT 1, L_0x555555ae17b0, C4<0>, C4<0>, C4<0>;
L_0x555555ae18e0 .functor AND 1, L_0x555555ad8bb0, L_0x555555ae0ad0, C4<1>, C4<1>;
L_0x555555ae19e0 .functor OR 1, L_0x555555ad8f00, L_0x555555ae0ca0, C4<0>, C4<0>;
L_0x555555ae1a50 .functor NOT 1, L_0x555555ae19e0, C4<0>, C4<0>, C4<0>;
L_0x555555ae1b10 .functor AND 1, L_0x555555ad8f00, L_0x555555ae0ca0, C4<1>, C4<1>;
L_0x555555ae1c10 .functor AND 1, v0x555555aa5200_0, L_0x555555ae0e70, C4<1>, C4<1>;
L_0x555555ae1c80 .functor AND 1, L_0x555555ae2070, L_0x555555add630, C4<1>, C4<1>;
L_0x555555ae1d90 .functor AND 1, L_0x555555ae1c80, L_0x555555ad97d0, C4<1>, C4<1>;
L_0x555555ae1ea0 .functor NOT 1, L_0x555555ae1d90, C4<0>, C4<0>, C4<0>;
L_0x555555ae1f60 .functor AND 1, L_0x555555ae11e0, L_0x555555addae0, C4<1>, C4<1>;
L_0x555555ae3170 .functor AND 1, L_0x555555ae1f60, L_0x555555ad9b20, C4<1>, C4<1>;
L_0x555555ae2130 .functor AND 1, L_0x555555ae3170, L_0x555555ad4050, C4<1>, C4<1>;
L_0x555555ae2240 .functor NOT 1, L_0x555555ae2130, C4<0>, C4<0>, C4<0>;
L_0x555555ae2300 .functor AND 1, L_0x555555ae13b0, L_0x555555adde80, C4<1>, C4<1>;
L_0x555555ae2410 .functor AND 1, L_0x555555ae2300, L_0x555555ad9f30, C4<1>, C4<1>;
L_0x555555ae2520 .functor AND 1, L_0x555555ae2410, L_0x555555ad4240, C4<1>, C4<1>;
L_0x555555ae2630 .functor NOT 1, L_0x555555ae2520, C4<0>, C4<0>, C4<0>;
L_0x555555ae26f0 .functor NOT 1, L_0x555555ae1470, C4<0>, C4<0>, C4<0>;
L_0x555555ae27b0 .functor AND 1, L_0x555555ae07f0, L_0x555555ad6ff0, C4<1>, C4<1>;
L_0x555555ae28b0 .functor NOT 1, L_0x555555ae27b0, C4<0>, C4<0>, C4<0>;
L_0x555555ae2920 .functor OR 1, L_0x555555ae15f0, L_0x555555ae16b0, C4<0>, C4<0>;
L_0x555555ae2a30 .functor NOT 1, L_0x555555ae2920, C4<0>, C4<0>, C4<0>;
L_0x555555ae2af0 .functor OR 1, L_0x555555ae1820, L_0x555555ae18e0, C4<0>, C4<0>;
L_0x555555ae2c00 .functor NOT 1, L_0x555555ae2af0, C4<0>, C4<0>, C4<0>;
L_0x555555ae2cc0 .functor OR 1, L_0x555555ae1a50, L_0x555555ae1b10, C4<0>, C4<0>;
L_0x555555ae2dd0 .functor NOT 1, L_0x555555ae2cc0, C4<0>, C4<0>, C4<0>;
L_0x555555ae2e90 .functor OR 1, L_0x555555ac7aa0, L_0x555555ae1c10, C4<0>, C4<0>;
L_0x555555ae2fa0 .functor NOT 1, L_0x555555ae2e90, C4<0>, C4<0>, C4<0>;
L_0x555555ae3060 .functor NOT 1, L_0x555555ae1ea0, C4<0>, C4<0>, C4<0>;
L_0x555555ae4360 .functor NOT 1, L_0x555555ae2240, C4<0>, C4<0>, C4<0>;
L_0x555555ae43d0 .functor NOT 1, L_0x555555ae2630, C4<0>, C4<0>, C4<0>;
L_0x555555ae3280 .functor AND 1, L_0x555555ada960, L_0x555555ae28b0, C4<1>, C4<1>;
L_0x555555ae3390 .functor BUFZ 1, L_0x555555ae26f0, C4<0>, C4<0>, C4<0>;
L_0x555555ae3450 .functor AND 1, v0x555555aa5200_0, L_0x555555ae2a30, C4<1>, C4<1>;
L_0x555555ae3720 .functor AND 1, v0x555555aa5200_0, L_0x555555ae2c00, C4<1>, C4<1>;
L_0x555555ae37e0 .functor AND 1, v0x555555aa5200_0, L_0x555555ae2dd0, C4<1>, C4<1>;
L_0x555555ae38a0 .functor AND 1, L_0x555555ae2fa0, L_0x555555add070, C4<1>, C4<1>;
L_0x555555ae39b0 .functor AND 1, L_0x555555ae38a0, L_0x555555ad9480, C4<1>, C4<1>;
L_0x555555ae3ac0 .functor NOT 1, L_0x555555ae39b0, C4<0>, C4<0>, C4<0>;
L_0x555555ae3b80 .functor NOT 1, L_0x555555ae3060, C4<0>, C4<0>, C4<0>;
L_0x555555ae3c40 .functor NOT 1, L_0x555555ae4360, C4<0>, C4<0>, C4<0>;
L_0x555555ae3d00 .functor NOT 1, L_0x555555ae43d0, C4<0>, C4<0>, C4<0>;
L_0x555555ae3dc0 .functor NOT 1, L_0x555555ae3280, C4<0>, C4<0>, C4<0>;
L_0x555555ae3e80 .functor OR 1, L_0x555555acf8c0, L_0x555555ae3450, C4<0>, C4<0>;
L_0x555555ae3f90 .functor NOT 1, L_0x555555ae3e80, C4<0>, C4<0>, C4<0>;
L_0x555555ae4050 .functor OR 1, L_0x555555ac7720, L_0x555555ae3720, C4<0>, C4<0>;
L_0x555555ae4160 .functor NOT 1, L_0x555555ae4050, C4<0>, C4<0>, C4<0>;
L_0x555555ae4220 .functor OR 1, L_0x555555ac7a30, L_0x555555ae37e0, C4<0>, C4<0>;
L_0x555555ae5600 .functor NOT 1, L_0x555555ae4220, C4<0>, C4<0>, C4<0>;
L_0x555555ae4490 .functor NOT 1, L_0x555555ae3ac0, C4<0>, C4<0>, C4<0>;
L_0x555555ae4550 .functor BUFZ 1, L_0x555555ae3b80, C4<0>, C4<0>, C4<0>;
L_0x555555ae4610 .functor BUFZ 1, L_0x555555ae3c40, C4<0>, C4<0>, C4<0>;
L_0x555555ae46d0 .functor BUFZ 1, L_0x555555ae3d00, C4<0>, C4<0>, C4<0>;
L_0x555555ae4790 .functor BUFZ 1, L_0x555555ae3dc0, C4<0>, C4<0>, C4<0>;
L_0x555555ae4850 .functor AND 1, L_0x555555ae3f90, L_0x555555adcb00, C4<1>, C4<1>;
L_0x555555ae4960 .functor AND 1, L_0x555555ae4850, L_0x555555ad8a30, C4<1>, C4<1>;
L_0x555555ae4a70 .functor NOT 1, L_0x555555ae4960, C4<0>, C4<0>, C4<0>;
L_0x555555ae4b30 .functor AND 1, L_0x555555ae4160, L_0x555555adccd0, C4<1>, C4<1>;
L_0x555555ae4c40 .functor AND 1, L_0x555555ae4b30, L_0x555555ad8d80, C4<1>, C4<1>;
L_0x555555ae4d50 .functor NOT 1, L_0x555555ae4c40, C4<0>, C4<0>, C4<0>;
L_0x555555ae4e10 .functor AND 1, L_0x555555ae5600, L_0x555555adcea0, C4<1>, C4<1>;
L_0x555555ae4f20 .functor AND 1, L_0x555555ae4e10, L_0x555555ad9130, C4<1>, C4<1>;
L_0x555555ae5030 .functor NOT 1, L_0x555555ae4f20, C4<0>, C4<0>, C4<0>;
L_0x555555ae50f0 .functor NOT 1, L_0x555555ae4490, C4<0>, C4<0>, C4<0>;
L_0x555555ae51b0 .functor NOT 1, L_0x555555ae4a70, C4<0>, C4<0>, C4<0>;
L_0x555555ae5270 .functor NOT 1, L_0x555555ae4d50, C4<0>, C4<0>, C4<0>;
L_0x555555ae5330 .functor NOT 1, L_0x555555ae5030, C4<0>, C4<0>, C4<0>;
L_0x555555ae53f0 .functor BUFZ 1, L_0x555555ae50f0, C4<0>, C4<0>, C4<0>;
L_0x555555ae54b0 .functor NOT 1, L_0x555555ae51b0, C4<0>, C4<0>, C4<0>;
L_0x555555ae5570 .functor NOT 1, L_0x555555ae5270, C4<0>, C4<0>, C4<0>;
L_0x555555ae6930 .functor NOT 1, L_0x555555ae5330, C4<0>, C4<0>, C4<0>;
L_0x555555ae56c0 .functor BUFZ 1, L_0x555555ae54b0, C4<0>, C4<0>, C4<0>;
L_0x555555ae5780 .functor BUFZ 1, L_0x555555ae5570, C4<0>, C4<0>, C4<0>;
L_0x555555ae5840 .functor BUFZ 1, L_0x555555ae6930, C4<0>, C4<0>, C4<0>;
v0x55555595c2e0_0 .net "N1", 0 0, v0x555555aa4080_0;  1 drivers
v0x55555587d790_0 .net "N101", 0 0, v0x555555aa4120_0;  1 drivers
v0x55555587d490_0 .net "N106", 0 0, v0x555555aa41c0_0;  1 drivers
v0x55555587d010_0 .net "N111", 0 0, v0x555555aa4260_0;  1 drivers
v0x55555587cb90_0 .net "N116", 0 0, v0x555555aa4300_0;  1 drivers
v0x55555587c590_0 .net "N121", 0 0, v0x555555aa43a0_0;  1 drivers
v0x55555587bf90_0 .net "N126", 0 0, v0x555555aa4440_0;  1 drivers
v0x55555595cd60_0 .net "N13", 0 0, v0x555555aa44e0_0;  1 drivers
v0x55555587dd90_0 .net "N130", 0 0, v0x555555aa4580_0;  1 drivers
v0x555555880190_0 .net "N135", 0 0, v0x555555aa4620_0;  1 drivers
v0x55555587fa10_0 .net "N138", 0 0, v0x555555aa46c0_0;  1 drivers
v0x55555587f890_0 .net "N143", 0 0, v0x555555aa4760_0;  1 drivers
v0x55555587f110_0 .net "N146", 0 0, v0x555555aa4800_0;  1 drivers
v0x55555587ef90_0 .net "N149", 0 0, v0x555555aa48a0_0;  1 drivers
v0x55555587e990_0 .net "N152", 0 0, v0x555555aa4940_0;  1 drivers
v0x55555587e810_0 .net "N153", 0 0, v0x555555aa49e0_0;  1 drivers
v0x555555880310_0 .net "N156", 0 0, v0x555555aa4a80_0;  1 drivers
v0x555555882590_0 .net "N159", 0 0, v0x555555aa4b20_0;  1 drivers
v0x555555881e10_0 .net "N165", 0 0, v0x555555aa4bc0_0;  1 drivers
v0x555555881b10_0 .net "N17", 0 0, v0x555555aa4c60_0;  1 drivers
v0x555555881690_0 .net "N171", 0 0, v0x555555aa4d00_0;  1 drivers
v0x555555881510_0 .net "N177", 0 0, v0x555555aa4da0_0;  1 drivers
v0x555555880c10_0 .net "N183", 0 0, v0x555555aa4e40_0;  1 drivers
v0x555555880910_0 .net "N189", 0 0, v0x555555aa4ee0_0;  1 drivers
v0x555555882710_0 .net "N195", 0 0, v0x555555aa4f80_0;  1 drivers
v0x555555884990_0 .net "N201", 0 0, v0x555555aa5020_0;  1 drivers
v0x555555884390_0 .net "N207", 0 0, v0x555555aa50c0_0;  1 drivers
v0x555555884210_0 .net "N210", 0 0, v0x555555aa5160_0;  1 drivers
v0x555555883910_0 .net "N219", 0 0, v0x555555aa5200_0;  1 drivers
v0x555555883790_0 .net "N228", 0 0, v0x555555aa52a0_0;  1 drivers
v0x555555883190_0 .net "N237", 0 0, v0x555555aa5340_0;  1 drivers
v0x555555883010_0 .net "N246", 0 0, v0x555555aa53e0_0;  1 drivers
v0x555555884b10_0 .net "N255", 0 0, v0x555555aa5480_0;  1 drivers
v0x555555886d90_0 .net "N259", 0 0, v0x555555aa5520_0;  1 drivers
v0x555555886610_0 .net "N26", 0 0, v0x555555aa55c0_0;  1 drivers
v0x555555886310_0 .net "N260", 0 0, v0x555555aa5660_0;  1 drivers
v0x555555885e90_0 .net "N261", 0 0, v0x555555aa5700_0;  1 drivers
v0x555555885d10_0 .net "N267", 0 0, v0x555555aa57a0_0;  1 drivers
v0x555555885410_0 .net "N268", 0 0, v0x555555aa5840_0;  1 drivers
v0x555555885290_0 .net "N269", 0 0, L_0x555555abfb70;  1 drivers
v0x555555886f10_0 .net "N270", 0 0, L_0x555555ac0cb0;  1 drivers
v0x555555889310_0 .net "N273", 0 0, L_0x555555ac0f40;  1 drivers
v0x555555888b90_0 .net "N276", 0 0, L_0x555555ac10d0;  1 drivers
v0x555555888a10_0 .net "N279", 0 0, L_0x555555ac14c0;  1 drivers
v0x555555888290_0 .net "N280", 0 0, L_0x555555ac19b0;  1 drivers
v0x555555888110_0 .net "N284", 0 0, L_0x555555ac1dd0;  1 drivers
v0x555555887810_0 .net "N285", 0 0, L_0x555555ac1f80;  1 drivers
v0x555555887690_0 .net "N286", 0 0, L_0x555555ac2450;  1 drivers
v0x555555889490_0 .net "N287", 0 0, L_0x555555ac2630;  1 drivers
v0x55555588b590_0 .net "N29", 0 0, v0x555555aa58e0_0;  1 drivers
v0x55555588af90_0 .net "N290", 0 0, L_0x555555ac2980;  1 drivers
v0x55555588ae10_0 .net "N291", 0 0, L_0x555555ac2bd0;  1 drivers
v0x55555588a690_0 .net "N292", 0 0, L_0x555555ac2ab0;  1 drivers
v0x55555588a510_0 .net "N293", 0 0, L_0x555555ac2fe0;  1 drivers
v0x555555889d90_0 .net "N294", 0 0, L_0x555555ac3210;  1 drivers
v0x555555889c10_0 .net "N295", 0 0, L_0x555555ac34a0;  1 drivers
v0x55555588b710_0 .net "N296", 0 0, L_0x555555ac3740;  1 drivers
v0x55555588d990_0 .net "N297", 0 0, L_0x555555ac3a10;  1 drivers
v0x55555588d390_0 .net "N298", 0 0, L_0x555555ac3c00;  1 drivers
v0x55555588d210_0 .net "N301", 0 0, L_0x555555ac3e70;  1 drivers
v0x55555588ca90_0 .net "N302", 0 0, L_0x555555ac3ee0;  1 drivers
v0x55555588c910_0 .net "N303", 0 0, L_0x555555ac3d50;  1 drivers
v0x55555588c010_0 .net "N304", 0 0, L_0x555555ac3dc0;  1 drivers
v0x55555588be90_0 .net "N305", 0 0, L_0x555555ac4550;  1 drivers
v0x55555588db10_0 .net "N306", 0 0, L_0x555555ac45c0;  1 drivers
v0x55555588ff10_0 .net "N307", 0 0, L_0x555555ac4a20;  1 drivers
v0x55555588f790_0 .net "N308", 0 0, L_0x555555ac4c70;  1 drivers
v0x55555588f610_0 .net "N309", 0 0, L_0x555555aa9b10;  1 drivers
v0x55555588ed10_0 .net "N310", 0 0, L_0x555555ac4fe0;  1 drivers
v0x55555588ea10_0 .net "N316", 0 0, L_0x555555ac5050;  1 drivers
v0x55555588e590_0 .net "N317", 0 0, L_0x555555aa9d20;  1 drivers
v0x55555588e410_0 .net "N318", 0 0, L_0x555555ac54e0;  1 drivers
v0x555555890090_0 .net "N319", 0 0, L_0x555555ac57d0;  1 drivers
v0x555555892310_0 .net "N322", 0 0, L_0x555555ac5ad0;  1 drivers
v0x555555891b90_0 .net "N323", 0 0, L_0x555555ac5d70;  1 drivers
v0x555555891a10_0 .net "N324", 0 0, L_0x555555aa9d90;  1 drivers
v0x555555891290_0 .net "N325", 0 0, L_0x555555ac61f0;  1 drivers
v0x555555891110_0 .net "N326", 0 0, L_0x555555aaa120;  1 drivers
v0x555555890990_0 .net "N327", 0 0, L_0x555555aa9e50;  1 drivers
v0x555555890810_0 .net "N328", 0 0, L_0x555555aaa300;  1 drivers
v0x555555892490_0 .net "N329", 0 0, L_0x555555ac6ea0;  1 drivers
v0x555555894710_0 .net "N330", 0 0, L_0x555555aaa580;  1 drivers
v0x555555893f90_0 .net "N331", 0 0, L_0x555555ac76b0;  1 drivers
v0x555555893e10_0 .net "N332", 0 0, L_0x555555ac7720;  1 drivers
v0x555555893690_0 .net "N333", 0 0, L_0x555555ac7a30;  1 drivers
v0x555555893510_0 .net "N334", 0 0, L_0x555555ac7aa0;  1 drivers
v0x555555892d90_0 .net "N335", 0 0, L_0x555555ac7dc0;  1 drivers
v0x555555892c10_0 .net "N336", 0 0, L_0x555555ac7e30;  1 drivers
v0x555555894890_0 .net "N337", 0 0, L_0x555555ac8160;  1 drivers
v0x555555896b10_0 .net "N338", 0 0, L_0x555555ac81d0;  1 drivers
v0x555555896390_0 .net "N339", 0 0, L_0x555555ac8720;  1 drivers
v0x555555896210_0 .net "N340", 0 0, L_0x555555ac8790;  1 drivers
v0x555555895a90_0 .net "N341", 0 0, L_0x555555ac8ae0;  1 drivers
v0x555555895910_0 .net "N342", 0 0, L_0x555555ac8b50;  1 drivers
v0x555555895190_0 .net "N343", 0 0, L_0x555555ac8eb0;  1 drivers
v0x555555895010_0 .net "N344", 0 0, L_0x555555ac8f20;  1 drivers
v0x555555896c90_0 .net "N345", 0 0, L_0x555555ac9290;  1 drivers
v0x555555898f10_0 .net "N346", 0 0, L_0x555555ac9300;  1 drivers
v0x555555898790_0 .net "N347", 0 0, L_0x555555ac9680;  1 drivers
v0x555555898610_0 .net "N348", 0 0, L_0x555555ac9b20;  1 drivers
v0x555555897e90_0 .net "N349", 0 0, L_0x555555ac9be0;  1 drivers
v0x555555897d10_0 .net "N350", 0 0, L_0x555555ac9fd0;  1 drivers
v0x555555897590_0 .net "N351", 0 0, L_0x555555aca040;  1 drivers
v0x555555897410_0 .net "N352", 0 0, L_0x555555aca440;  1 drivers
v0x555555899090_0 .net "N353", 0 0, L_0x555555aca500;  1 drivers
v0x55555589b190_0 .net "N354", 0 0, L_0x555555aca910;  1 drivers
v0x55555589aa10_0 .net "N355", 0 0, L_0x555555acada0;  1 drivers
v0x55555589a890_0 .net "N356", 0 0, L_0x555555acae60;  1 drivers
v0x55555589a110_0 .net "N357", 0 0, L_0x555555acb300;  1 drivers
v0x555555899f90_0 .net "N36", 0 0, v0x555555aa5980_0;  1 drivers
v0x555555899810_0 .net "N360", 0 0, L_0x555555acb850;  1 drivers
v0x555555899690_0 .net "N363", 0 0, L_0x555555acbdb0;  1 drivers
v0x55555589b310_0 .net "N366", 0 0, L_0x555555acc320;  1 drivers
v0x55555589cc90_0 .net "N369", 0 0, L_0x555555acc790;  1 drivers
v0x55555589cb10_0 .net "N375", 0 0, L_0x555555accd20;  1 drivers
v0x55555589c810_0 .net "N376", 0 0, L_0x555555acd2c0;  1 drivers
v0x55555589c690_0 .net "N379", 0 0, L_0x555555acd870;  1 drivers
v0x55555589c510_0 .net "N382", 0 0, L_0x555555acde30;  1 drivers
v0x55555589bd90_0 .net "N385", 0 0, L_0x555555ac13f0;  1 drivers
v0x55555589bc10_0 .net "N388", 0 0, L_0x555555ace450;  alias, 1 drivers
v0x55555589d110_0 .net "N389", 0 0, L_0x555555ace920;  alias, 1 drivers
v0x5555558f4d60_0 .net "N390", 0 0, L_0x555555ace9e0;  alias, 1 drivers
v0x5555558f4be0_0 .net "N391", 0 0, L_0x555555aceec0;  alias, 1 drivers
v0x5555558f48e0_0 .net "N392", 0 0, L_0x555555acef80;  1 drivers
v0x5555558f45e0_0 .net "N393", 0 0, L_0x555555aceaa0;  1 drivers
v0x5555558f42e0_0 .net "N399", 0 0, L_0x555555aceb60;  1 drivers
v0x5555558f3fe0_0 .net "N400", 0 0, L_0x555555acec20;  1 drivers
v0x5555558f3b60_0 .net "N401", 0 0, L_0x555555acece0;  1 drivers
v0x5555558f4ee0_0 .net "N402", 0 0, L_0x555555aced50;  1 drivers
v0x5555558f63e0_0 .net "N403", 0 0, L_0x555555acee10;  1 drivers
v0x5555558f60e0_0 .net "N404", 0 0, L_0x555555acf040;  1 drivers
v0x5555558f5de0_0 .net "N405", 0 0, L_0x555555acf100;  1 drivers
v0x5555558f5ae0_0 .net "N406", 0 0, L_0x555555acf1c0;  1 drivers
v0x5555558f57e0_0 .net "N407", 0 0, L_0x555555acf230;  1 drivers
v0x5555558f54e0_0 .net "N408", 0 0, L_0x555555acf2f0;  1 drivers
v0x5555558f51e0_0 .net "N409", 0 0, L_0x555555acf3b0;  1 drivers
v0x5555558f66e0_0 .net "N410", 0 0, L_0x555555acfa10;  1 drivers
v0x5555558f7be0_0 .net "N411", 0 0, L_0x555555acf4e0;  1 drivers
v0x5555558f78e0_0 .net "N412", 0 0, L_0x555555acf5a0;  1 drivers
v0x5555558f75e0_0 .net "N413", 0 0, L_0x555555acf660;  1 drivers
v0x5555558f72e0_0 .net "N414", 0 0, L_0x555555acf6d0;  1 drivers
v0x5555558f6fe0_0 .net "N415", 0 0, L_0x555555acf790;  1 drivers
v0x5555558f6ce0_0 .net "N416", 0 0, L_0x555555acf850;  1 drivers
v0x5555558f69e0_0 .net "N417", 0 0, L_0x555555acf8c0;  1 drivers
v0x5555558f7ee0_0 .net "N418", 0 0, L_0x555555acfff0;  alias, 1 drivers
v0x5555558f93e0_0 .net "N419", 0 0, L_0x555555acfad0;  alias, 1 drivers
v0x5555558f90e0_0 .net "N42", 0 0, v0x555555aa5a20_0;  1 drivers
v0x5555558f8de0_0 .net "N420", 0 0, L_0x555555acfb90;  alias, 1 drivers
v0x5555558f8ae0_0 .net "N421", 0 0, L_0x555555acfc50;  alias, 1 drivers
v0x5555558f87e0_0 .net "N422", 0 0, L_0x555555acfd10;  alias, 1 drivers
v0x5555558f84e0_0 .net "N423", 0 0, L_0x555555acfdd0;  alias, 1 drivers
v0x5555558f81e0_0 .net "N424", 0 0, L_0x555555acfe90;  1 drivers
v0x5555558f96e0_0 .net "N425", 0 0, L_0x555555ad05c0;  1 drivers
v0x5555558fabe0_0 .net "N426", 0 0, L_0x555555ad0680;  1 drivers
v0x5555558fa8e0_0 .net "N427", 0 0, L_0x555555ad01c0;  1 drivers
v0x5555558fa5e0_0 .net "N432", 0 0, L_0x555555ad02f0;  1 drivers
v0x5555558fa2e0_0 .net "N437", 0 0, L_0x555555ad04e0;  1 drivers
v0x5555558f9fe0_0 .net "N442", 0 0, L_0x555555ad09d0;  1 drivers
v0x5555558f9ce0_0 .net "N443", 0 0, L_0x555555ad0bc0;  1 drivers
v0x5555558f99e0_0 .net "N444", 0 0, L_0x555555ad1370;  1 drivers
v0x5555558faee0_0 .net "N445", 0 0, L_0x555555ad1430;  1 drivers
v0x5555558fc3e0_0 .net "N446", 0 0, L_0x555555ad0de0;  alias, 1 drivers
v0x5555558fc0e0_0 .net "N447", 0 0, L_0x555555ad0ea0;  alias, 1 drivers
v0x5555558fbde0_0 .net "N448", 0 0, L_0x555555ad0f60;  alias, 1 drivers
v0x5555558fbae0_0 .net "N449", 0 0, L_0x555555ad1020;  alias, 1 drivers
v0x5555558fb7e0_0 .net "N450", 0 0, L_0x555555ad10e0;  alias, 1 drivers
v0x5555558fb4e0_0 .net "N451", 0 0, L_0x555555ad11a0;  1 drivers
v0x5555558fb1e0_0 .net "N460", 0 0, L_0x555555ad1b10;  1 drivers
v0x5555558fc6e0_0 .net "N463", 0 0, L_0x555555ad1650;  1 drivers
v0x5555558fdbe0_0 .net "N466", 0 0, L_0x555555ad1820;  1 drivers
v0x5555558fd8e0_0 .net "N475", 0 0, L_0x555555ad18e0;  1 drivers
v0x5555558fd5e0_0 .net "N476", 0 0, L_0x555555ad19a0;  1 drivers
v0x5555558fd2e0_0 .net "N477", 0 0, L_0x555555ad1a60;  1 drivers
v0x5555558fcfe0_0 .net "N478", 0 0, L_0x555555ad21e0;  1 drivers
v0x5555558fcce0_0 .net "N479", 0 0, L_0x555555ad1bd0;  1 drivers
v0x5555558fc9e0_0 .net "N480", 0 0, L_0x555555ad1cd0;  1 drivers
v0x5555558fdee0_0 .net "N481", 0 0, L_0x555555ad1dd0;  1 drivers
v0x5555558ff3e0_0 .net "N482", 0 0, L_0x555555ad1e40;  1 drivers
v0x5555558ff0e0_0 .net "N483", 0 0, L_0x555555ad1f20;  1 drivers
v0x5555558fede0_0 .net "N488", 0 0, L_0x555555ad1f90;  1 drivers
v0x5555558feae0_0 .net "N489", 0 0, L_0x555555ad2000;  1 drivers
v0x5555558fe7e0_0 .net "N490", 0 0, L_0x555555ad2100;  1 drivers
v0x5555558fe4e0_0 .net "N491", 0 0, L_0x555555ad2170;  1 drivers
v0x5555558fe1e0_0 .net "N492", 0 0, L_0x555555ad22c0;  1 drivers
v0x5555558ff6e0_0 .net "N495", 0 0, L_0x555555ad2490;  1 drivers
v0x555555900d60_0 .net "N498", 0 0, L_0x555555ad2610;  1 drivers
v0x555555900be0_0 .net "N499", 0 0, L_0x555555ad26d0;  1 drivers
v0x555555900a60_0 .net "N500", 0 0, L_0x555555ad2940;  1 drivers
v0x5555559005e0_0 .net "N501", 0 0, L_0x555555ad2a00;  1 drivers
v0x5555559002e0_0 .net "N502", 0 0, L_0x555555ad2a70;  1 drivers
v0x5555558ffce0_0 .net "N503", 0 0, L_0x555555ad2c40;  1 drivers
v0x5555558ff9e0_0 .net "N504", 0 0, L_0x555555ad2d00;  1 drivers
v0x555555901060_0 .net "N505", 0 0, L_0x555555ad2e80;  1 drivers
v0x555555901f60_0 .net "N506", 0 0, L_0x555555ad2f40;  1 drivers
v0x555555901c60_0 .net "N507", 0 0, L_0x555555ad3050;  1 drivers
v0x555555901960_0 .net "N508", 0 0, L_0x555555ad3110;  1 drivers
v0x5555559017e0_0 .net "N509", 0 0, L_0x555555ad3290;  1 drivers
v0x5555559014e0_0 .net "N51", 0 0, v0x555555aa5ac0_0;  1 drivers
v0x555555901360_0 .net "N510", 0 0, L_0x555555ad3350;  1 drivers
v0x5555559011e0_0 .net "N511", 0 0, L_0x555555ad3410;  1 drivers
v0x555555902260_0 .net "N512", 0 0, L_0x555555ad3480;  1 drivers
v0x555555903a60_0 .net "N513", 0 0, L_0x555555ad34f0;  1 drivers
v0x555555903760_0 .net "N514", 0 0, L_0x555555ad3560;  1 drivers
v0x555555903460_0 .net "N515", 0 0, L_0x555555ad3660;  1 drivers
v0x555555902e60_0 .net "N516", 0 0, L_0x555555ad36d0;  1 drivers
v0x555555902b60_0 .net "N517", 0 0, L_0x555555ad3800;  1 drivers
v0x5555559029e0_0 .net "N518", 0 0, L_0x555555ad39f0;  1 drivers
v0x555555902560_0 .net "N519", 0 0, L_0x555555ad3ab0;  1 drivers
v0x555555903d60_0 .net "N520", 0 0, L_0x555555ad3be0;  1 drivers
v0x555555904f60_0 .net "N521", 0 0, L_0x555555ad3ca0;  1 drivers
v0x555555904c60_0 .net "N522", 0 0, L_0x555555ad3d10;  1 drivers
v0x555555904960_0 .net "N523", 0 0, L_0x555555ad3dd0;  1 drivers
v0x555555904660_0 .net "N524", 0 0, L_0x555555ad3e40;  1 drivers
v0x555555904360_0 .net "N525", 0 0, L_0x555555ad3eb0;  1 drivers
v0x5555559041e0_0 .net "N526", 0 0, L_0x555555ad4800;  1 drivers
v0x555555904060_0 .net "N527", 0 0, L_0x555555ad4050;  1 drivers
v0x555555905260_0 .net "N528", 0 0, L_0x555555ad4240;  1 drivers
v0x555555906a60_0 .net "N529", 0 0, L_0x555555ad4370;  1 drivers
v0x555555906760_0 .net "N530", 0 0, L_0x555555ad4540;  1 drivers
v0x555555906160_0 .net "N533", 0 0, L_0x555555ad4710;  1 drivers
v0x555555905e60_0 .net "N536", 0 0, L_0x555555ad48e0;  1 drivers
v0x555555905b60_0 .net "N537", 0 0, L_0x555555ad4ab0;  1 drivers
v0x555555905860_0 .net "N538", 0 0, L_0x555555ad4c80;  1 drivers
v0x5555559053e0_0 .net "N539", 0 0, L_0x555555ad4e50;  1 drivers
v0x555555906d60_0 .net "N540", 0 0, L_0x555555ad5020;  1 drivers
v0x555555908260_0 .net "N541", 0 0, L_0x555555ad51f0;  1 drivers
v0x555555907f60_0 .net "N542", 0 0, L_0x555555ad53c0;  1 drivers
v0x555555907c60_0 .net "N543", 0 0, L_0x555555ad5590;  1 drivers
v0x555555907960_0 .net "N544", 0 0, L_0x555555ad5760;  1 drivers
v0x555555907660_0 .net "N547", 0 0, L_0x555555ad5930;  1 drivers
v0x555555907360_0 .net "N55", 0 0, v0x555555aa5b60_0;  1 drivers
v0x555555907060_0 .net "N550", 0 0, L_0x555555ad63f0;  1 drivers
v0x555555908560_0 .net "N551", 0 0, L_0x555555ad5b50;  1 drivers
v0x555555909760_0 .net "N552", 0 0, L_0x555555ad5c10;  1 drivers
v0x555555909460_0 .net "N553", 0 0, L_0x555555ad5d90;  1 drivers
v0x555555909160_0 .net "N557", 0 0, L_0x555555ad5f60;  1 drivers
v0x555555908e60_0 .net "N561", 0 0, L_0x555555ad6130;  1 drivers
v0x555555908b60_0 .net "N565", 0 0, L_0x555555ad6300;  1 drivers
v0x5555559089e0_0 .net "N569", 0 0, L_0x555555ad6e70;  1 drivers
v0x555555908860_0 .net "N573", 0 0, L_0x555555ad6570;  1 drivers
v0x555555909a60_0 .net "N577", 0 0, L_0x555555ad6740;  1 drivers
v0x55555590ac60_0 .net "N581", 0 0, L_0x555555ad6910;  1 drivers
v0x55555590a960_0 .net "N585", 0 0, L_0x555555ad69d0;  1 drivers
v0x55555590a660_0 .net "N586", 0 0, L_0x555555ad6a90;  1 drivers
v0x55555590a4e0_0 .net "N587", 0 0, L_0x555555ad6b50;  1 drivers
v0x55555590a360_0 .net "N588", 0 0, L_0x555555ad6bc0;  1 drivers
v0x55555590a060_0 .net "N589", 0 0, L_0x555555ad6cd0;  1 drivers
v0x555555909d60_0 .net "N59", 0 0, v0x555555aa5c00_0;  1 drivers
v0x55555590af60_0 .net "N590", 0 0, L_0x555555ad6f30;  1 drivers
v0x55555590c460_0 .net "N593", 0 0, L_0x555555ad6ff0;  1 drivers
v0x55555590c160_0 .net "N596", 0 0, L_0x555555ad7060;  1 drivers
v0x55555590be60_0 .net "N597", 0 0, L_0x555555ad7140;  1 drivers
v0x55555590bb60_0 .net "N600", 0 0, L_0x555555ad7200;  1 drivers
v0x55555590b9e0_0 .net "N605", 0 0, L_0x555555ad7270;  1 drivers
v0x55555590b860_0 .net "N606", 0 0, L_0x555555ad7350;  1 drivers
v0x55555590b560_0 .net "N609", 0 0, L_0x555555ad7410;  1 drivers
v0x55555590c760_0 .net "N615", 0 0, L_0x555555ad7480;  1 drivers
v0x55555590e260_0 .net "N616", 0 0, L_0x555555ad75f0;  1 drivers
v0x55555590df60_0 .net "N619", 0 0, L_0x555555ad76b0;  1 drivers
v0x55555590dc60_0 .net "N624", 0 0, L_0x555555ad7720;  1 drivers
v0x55555590d960_0 .net "N625", 0 0, L_0x555555ad83e0;  1 drivers
v0x55555590d660_0 .net "N628", 0 0, L_0x555555ad84a0;  1 drivers
v0x55555590d360_0 .net "N631", 0 0, L_0x555555ad79f0;  1 drivers
v0x55555590cd60_0 .net "N632", 0 0, L_0x555555ad7b60;  1 drivers
v0x55555590e560_0 .net "N635", 0 0, L_0x555555ad7c20;  1 drivers
v0x55555590fa60_0 .net "N640", 0 0, L_0x555555ad7c90;  1 drivers
v0x55555590f760_0 .net "N641", 0 0, L_0x555555ad8010;  1 drivers
v0x55555590f460_0 .net "N644", 0 0, L_0x555555ad80d0;  1 drivers
v0x55555590f160_0 .net "N650", 0 0, L_0x555555ad8140;  1 drivers
v0x55555590ee60_0 .net "N651", 0 0, L_0x555555ad82b0;  1 drivers
v0x55555590eb60_0 .net "N654", 0 0, L_0x555555ad8370;  1 drivers
v0x55555590e860_0 .net "N659", 0 0, L_0x555555ad8f70;  1 drivers
v0x55555590fd60_0 .net "N660", 0 0, L_0x555555ad8510;  1 drivers
v0x555555911260_0 .net "N661", 0 0, L_0x555555ad86e0;  1 drivers
v0x555555910f60_0 .net "N662", 0 0, L_0x555555ad87a0;  1 drivers
v0x555555910de0_0 .net "N665", 0 0, L_0x555555ad8860;  1 drivers
v0x555555910960_0 .net "N669", 0 0, L_0x555555ad8a30;  1 drivers
v0x555555910660_0 .net "N670", 0 0, L_0x555555ad8af0;  1 drivers
v0x555555910360_0 .net "N673", 0 0, L_0x555555ad8bb0;  1 drivers
v0x555555910060_0 .net "N677", 0 0, L_0x555555ad8d80;  1 drivers
v0x555555911560_0 .net "N678", 0 0, L_0x555555ad8e40;  1 drivers
v0x555555912a60_0 .net "N68", 0 0, v0x555555aa5ca0_0;  1 drivers
v0x555555912760_0 .net "N682", 0 0, L_0x555555ad8f00;  1 drivers
v0x555555912460_0 .net "N686", 0 0, L_0x555555ad9130;  1 drivers
v0x555555912160_0 .net "N687", 0 0, L_0x555555ad91f0;  1 drivers
v0x555555911e60_0 .net "N692", 0 0, L_0x555555ad92b0;  1 drivers
v0x555555911b60_0 .net "N696", 0 0, L_0x555555ad9480;  1 drivers
v0x555555911860_0 .net "N697", 0 0, L_0x555555ad9540;  1 drivers
v0x555555912d60_0 .net "N700", 0 0, L_0x555555ad9600;  1 drivers
v0x555555913b00_0 .net "N704", 0 0, L_0x555555ad97d0;  1 drivers
v0x555555913800_0 .net "N705", 0 0, L_0x555555ad9890;  1 drivers
v0x555555913680_0 .net "N708", 0 0, L_0x555555ad9950;  1 drivers
v0x555555913500_0 .net "N712", 0 0, L_0x555555ad9b20;  1 drivers
v0x555555913380_0 .net "N713", 0 0, L_0x555555ada8a0;  1 drivers
v0x555555913200_0 .net "N717", 0 0, L_0x555555ad9d60;  1 drivers
v0x5555558ec790_0 .net "N72", 0 0, v0x555555aa5d40_0;  1 drivers
v0x555555913c80_0 .net "N721", 0 0, L_0x555555ad9f30;  1 drivers
v0x555555914a00_0 .net "N722", 0 0, L_0x555555ad9ff0;  1 drivers
v0x555555914880_0 .net "N727", 0 0, L_0x555555ada0b0;  1 drivers
v0x555555914700_0 .net "N73", 0 0, v0x555555aa5de0_0;  1 drivers
v0x555555914280_0 .net "N731", 0 0, L_0x555555ada280;  1 drivers
v0x555555914100_0 .net "N732", 0 0, L_0x555555ada3b0;  1 drivers
v0x555555913f80_0 .net "N733", 0 0, L_0x555555ada550;  1 drivers
v0x555555913e00_0 .net "N734", 0 0, L_0x555555adb520;  1 drivers
v0x555555914b80_0 .net "N735", 0 0, L_0x555555ada960;  1 drivers
v0x555555a21ab0_0 .net "N736", 0 0, L_0x555555adaa20;  1 drivers
v0x5555558ec3d0_0 .net "N737", 0 0, L_0x555555adaae0;  1 drivers
v0x5555559e1520_0 .net "N738", 0 0, L_0x555555adab50;  1 drivers
v0x5555559e15e0_0 .net "N739", 0 0, L_0x555555adac10;  1 drivers
v0x5555559e0130_0 .net "N74", 0 0, v0x555555aa5e80_0;  1 drivers
v0x5555559e01d0_0 .net "N740", 0 0, L_0x555555adacd0;  1 drivers
v0x555555a0e000_0 .net "N741", 0 0, L_0x555555adad40;  1 drivers
v0x555555a0e0c0_0 .net "N742", 0 0, L_0x555555adae00;  1 drivers
v0x555555a77810_0 .net "N743", 0 0, L_0x555555adaec0;  1 drivers
v0x555555a778b0_0 .net "N744", 0 0, L_0x555555adaf30;  1 drivers
v0x555555a773d0_0 .net "N745", 0 0, L_0x555555adaff0;  1 drivers
v0x555555a77490_0 .net "N746", 0 0, L_0x555555adb0b0;  1 drivers
v0x555555a76f90_0 .net "N747", 0 0, L_0x555555adb120;  1 drivers
v0x555555a77050_0 .net "N748", 0 0, L_0x555555adb1e0;  1 drivers
v0x555555a76b50_0 .net "N749", 0 0, L_0x555555adb2a0;  1 drivers
v0x555555a76c10_0 .net "N75", 0 0, v0x555555aa5f20_0;  1 drivers
v0x555555a0d340_0 .net "N750", 0 0, L_0x555555adb310;  1 drivers
v0x555555a0d3e0_0 .net "N751", 0 0, L_0x555555adb3d0;  1 drivers
v0x555555a730a0_0 .net "N752", 0 0, L_0x555555adb490;  1 drivers
v0x555555a73160_0 .net "N753", 0 0, L_0x555555adb590;  1 drivers
v0x555555a72c60_0 .net "N754", 0 0, L_0x555555adb650;  1 drivers
v0x555555a72d20_0 .net "N755", 0 0, L_0x555555adb710;  1 drivers
v0x555555a72060_0 .net "N756", 0 0, L_0x555555adb780;  1 drivers
v0x555555a72120_0 .net "N757", 0 0, L_0x555555adb900;  1 drivers
v0x555555a0cea0_0 .net "N758", 0 0, L_0x555555adb9c0;  1 drivers
v0x555555a0cf40_0 .net "N759", 0 0, L_0x555555adba30;  1 drivers
v0x555555a71460_0 .net "N760", 0 0, L_0x555555adbb30;  1 drivers
v0x555555a71520_0 .net "N761", 0 0, L_0x555555adbca0;  1 drivers
v0x555555a0ca20_0 .net "N762", 0 0, L_0x555555adbea0;  1 drivers
v0x555555a0cae0_0 .net "N763", 0 0, L_0x555555adbff0;  1 drivers
v0x555555a0c1f0_0 .net "N764", 0 0, L_0x555555adc160;  1 drivers
v0x555555a0c2b0_0 .net "N765", 0 0, L_0x555555add3f0;  1 drivers
v0x555555a66230_0 .net "N766", 0 0, L_0x555555adc800;  1 drivers
v0x555555a662d0_0 .net "N767", 0 0, L_0x555555adc870;  alias, 1 drivers
v0x555555a65df0_0 .net "N768", 0 0, L_0x555555adc930;  alias, 1 drivers
v0x555555a65eb0_0 .net "N769", 0 0, L_0x555555adcb00;  1 drivers
v0x555555a659b0_0 .net "N770", 0 0, L_0x555555adccd0;  1 drivers
v0x555555a65a70_0 .net "N771", 0 0, L_0x555555adcea0;  1 drivers
v0x555555a0b9c0_0 .net "N772", 0 0, L_0x555555add070;  1 drivers
v0x555555a0ba80_0 .net "N773", 0 0, L_0x555555add460;  1 drivers
v0x555555a64dd0_0 .net "N777", 0 0, L_0x555555add630;  1 drivers
v0x555555a64e70_0 .net "N778", 0 0, L_0x555555add910;  1 drivers
v0x555555a649e0_0 .net "N781", 0 0, L_0x555555addae0;  1 drivers
v0x555555a64aa0_0 .net "N782", 0 0, L_0x555555addcb0;  1 drivers
v0x555555a645a0_0 .net "N785", 0 0, L_0x555555adde80;  1 drivers
v0x555555a64660_0 .net "N786", 0 0, L_0x555555ade050;  1 drivers
v0x555555a64180_0 .net "N787", 0 0, L_0x555555adf1c0;  1 drivers
v0x555555a64240_0 .net "N788", 0 0, L_0x555555ade440;  1 drivers
v0x555555a63d90_0 .net "N789", 0 0, L_0x555555ade500;  1 drivers
v0x555555a63e30_0 .net "N790", 0 0, L_0x555555ade670;  1 drivers
v0x555555a63950_0 .net "N791", 0 0, L_0x555555ade730;  1 drivers
v0x555555a63a10_0 .net "N792", 0 0, L_0x555555ade8a0;  1 drivers
v0x555555a63530_0 .net "N793", 0 0, L_0x555555ade960;  1 drivers
v0x555555a635f0_0 .net "N794", 0 0, L_0x555555adea60;  1 drivers
v0x555555a63140_0 .net "N795", 0 0, L_0x555555adebd0;  1 drivers
v0x555555a63200_0 .net "N796", 0 0, L_0x555555aded50;  1 drivers
v0x555555a62d00_0 .net "N8", 0 0, v0x555555aa5fc0_0;  1 drivers
v0x555555a62da0_0 .net "N80", 0 0, v0x555555aa6060_0;  1 drivers
v0x555555a628e0_0 .net "N802", 0 0, L_0x555555adef20;  1 drivers
v0x555555a629a0_0 .net "N803", 0 0, L_0x555555adf0f0;  1 drivers
v0x555555a624f0_0 .net "N804", 0 0, L_0x555555adf390;  1 drivers
v0x555555a625b0_0 .net "N805", 0 0, L_0x555555adf560;  1 drivers
v0x555555a620b0_0 .net "N806", 0 0, L_0x555555adf6e0;  1 drivers
v0x555555a62170_0 .net "N807", 0 0, L_0x555555adf7a0;  1 drivers
v0x555555a61c90_0 .net "N808", 0 0, L_0x555555adf8a0;  1 drivers
v0x555555a61d30_0 .net "N809", 0 0, L_0x555555adf910;  1 drivers
v0x555555a618a0_0 .net "N810", 0 0, L_0x555555adf9d0;  1 drivers
v0x555555a61960_0 .net "N811", 0 0, L_0x555555adfdc0;  1 drivers
v0x555555a61460_0 .net "N812", 0 0, L_0x555555adff80;  1 drivers
v0x555555a61520_0 .net "N813", 0 0, L_0x555555ae0150;  1 drivers
v0x555555a61040_0 .net "N814", 0 0, L_0x555555ae0400;  1 drivers
v0x555555a61100_0 .net "N815", 0 0, L_0x555555ae07f0;  1 drivers
v0x555555a60c50_0 .net "N819", 0 0, L_0x555555ae0ad0;  1 drivers
v0x555555a60cf0_0 .net "N822", 0 0, L_0x555555ae0ca0;  1 drivers
v0x555555a60810_0 .net "N825", 0 0, L_0x555555ae0e70;  1 drivers
v0x555555a608d0_0 .net "N826", 0 0, L_0x555555ae2070;  1 drivers
v0x555555a0b190_0 .net "N827", 0 0, L_0x555555ae11e0;  1 drivers
v0x555555a0b250_0 .net "N828", 0 0, L_0x555555ae13b0;  1 drivers
v0x555555a603f0_0 .net "N829", 0 0, L_0x555555ae1470;  1 drivers
v0x555555a604b0_0 .net "N830", 0 0, L_0x555555ae15f0;  1 drivers
v0x555555a5ffd0_0 .net "N831", 0 0, L_0x555555ae16b0;  1 drivers
v0x555555a60070_0 .net "N832", 0 0, L_0x555555ae1820;  1 drivers
v0x555555a5fb60_0 .net "N833", 0 0, L_0x555555ae18e0;  1 drivers
v0x555555a5fc20_0 .net "N834", 0 0, L_0x555555ae1a50;  1 drivers
v0x555555a5f740_0 .net "N835", 0 0, L_0x555555ae1b10;  1 drivers
v0x555555a5f800_0 .net "N836", 0 0, L_0x555555ae1c10;  1 drivers
v0x555555a5c850_0 .net "N837", 0 0, L_0x555555ae1ea0;  1 drivers
v0x555555a5c910_0 .net "N838", 0 0, L_0x555555ae2240;  1 drivers
v0x555555a5c430_0 .net "N839", 0 0, L_0x555555ae2630;  1 drivers
v0x555555a5c4d0_0 .net "N840", 0 0, L_0x555555ae26f0;  1 drivers
v0x555555a5b880_0 .net "N841", 0 0, L_0x555555ae28b0;  1 drivers
v0x555555a5b940_0 .net "N842", 0 0, L_0x555555ae2a30;  1 drivers
v0x555555a0a960_0 .net "N843", 0 0, L_0x555555ae2c00;  1 drivers
v0x555555a0aa20_0 .net "N844", 0 0, L_0x555555ae2dd0;  1 drivers
v0x555555a5b460_0 .net "N845", 0 0, L_0x555555ae2fa0;  1 drivers
v0x555555a5b520_0 .net "N846", 0 0, L_0x555555ae3060;  1 drivers
v0x555555a5a8b0_0 .net "N847", 0 0, L_0x555555ae4360;  1 drivers
v0x555555a5a950_0 .net "N848", 0 0, L_0x555555ae43d0;  1 drivers
v0x555555a5a490_0 .net "N849", 0 0, L_0x555555ae3280;  1 drivers
v0x555555a5a550_0 .net "N85", 0 0, v0x555555aa6100_0;  1 drivers
v0x555555a598e0_0 .net "N850", 0 0, L_0x555555ae3390;  alias, 1 drivers
v0x555555a599a0_0 .net "N851", 0 0, L_0x555555ae3450;  1 drivers
v0x555555a594c0_0 .net "N852", 0 0, L_0x555555ae3720;  1 drivers
v0x555555a59580_0 .net "N853", 0 0, L_0x555555ae37e0;  1 drivers
v0x555555a58910_0 .net "N854", 0 0, L_0x555555ae3ac0;  1 drivers
v0x555555a589b0_0 .net "N855", 0 0, L_0x555555ae3b80;  1 drivers
v0x555555a584f0_0 .net "N856", 0 0, L_0x555555ae3c40;  1 drivers
v0x555555a585b0_0 .net "N857", 0 0, L_0x555555ae3d00;  1 drivers
v0x555555a57940_0 .net "N858", 0 0, L_0x555555ae3dc0;  1 drivers
v0x555555a57a00_0 .net "N859", 0 0, L_0x555555ae3f90;  1 drivers
v0x555555a57520_0 .net "N86", 0 0, v0x555555aa61a0_0;  1 drivers
v0x555555a575e0_0 .net "N860", 0 0, L_0x555555ae4160;  1 drivers
v0x555555a56970_0 .net "N861", 0 0, L_0x555555ae5600;  1 drivers
v0x555555a56a10_0 .net "N862", 0 0, L_0x555555ae4490;  1 drivers
v0x555555a0a130_0 .net "N863", 0 0, L_0x555555ae4550;  alias, 1 drivers
v0x555555a0a1f0_0 .net "N864", 0 0, L_0x555555ae4610;  alias, 1 drivers
v0x555555a56550_0 .net "N865", 0 0, L_0x555555ae46d0;  alias, 1 drivers
v0x555555a56610_0 .net "N866", 0 0, L_0x555555ae4790;  alias, 1 drivers
v0x555555a559a0_0 .net "N867", 0 0, L_0x555555ae4a70;  1 drivers
v0x555555a55a60_0 .net "N868", 0 0, L_0x555555ae4d50;  1 drivers
v0x555555a55580_0 .net "N869", 0 0, L_0x555555ae5030;  1 drivers
v0x555555a55620_0 .net "N87", 0 0, v0x555555aa6240_0;  1 drivers
v0x555555a54210_0 .net "N870", 0 0, L_0x555555ae50f0;  1 drivers
v0x555555a542d0_0 .net "N871", 0 0, L_0x555555ae51b0;  1 drivers
v0x555555a53dd0_0 .net "N872", 0 0, L_0x555555ae5270;  1 drivers
v0x555555a53e90_0 .net "N873", 0 0, L_0x555555ae5330;  1 drivers
v0x555555a531d0_0 .net "N874", 0 0, L_0x555555ae53f0;  alias, 1 drivers
v0x555555a53290_0 .net "N875", 0 0, L_0x555555ae54b0;  1 drivers
v0x555555a52d90_0 .net "N876", 0 0, L_0x555555ae5570;  1 drivers
v0x555555a52e30_0 .net "N877", 0 0, L_0x555555ae6930;  1 drivers
v0x555555a52190_0 .net "N878", 0 0, L_0x555555ae56c0;  alias, 1 drivers
v0x555555a52250_0 .net "N879", 0 0, L_0x555555ae5780;  alias, 1 drivers
v0x555555a51d50_0 .net "N88", 0 0, v0x555555aa62e0_0;  1 drivers
v0x555555a51e10_0 .net "N880", 0 0, L_0x555555ae5840;  alias, 1 drivers
v0x555555a09900_0 .net "N89", 0 0, v0x555555aa6380_0;  1 drivers
v0x555555a099c0_0 .net "N90", 0 0, v0x555555aa6420_0;  1 drivers
v0x555555a51150_0 .net "N91", 0 0, v0x555555aa64c0_0;  1 drivers
v0x555555a511f0_0 .net "N96", 0 0, v0x555555aa6560_0;  1 drivers
v0x555555a50d10_0 .net *"_ivl_0", 0 0, L_0x555555abf980;  1 drivers
v0x555555a50110_0 .net *"_ivl_10", 0 0, L_0x555555ac0b30;  1 drivers
v0x555555a4fcd0_0 .net *"_ivl_100", 0 0, L_0x555555ac3ce0;  1 drivers
v0x555555a4f0d0_0 .net *"_ivl_1000", 0 0, L_0x555555ae10d0;  1 drivers
v0x555555a4ec90_0 .net *"_ivl_1004", 0 0, L_0x555555ae12a0;  1 drivers
v0x555555a4e090_0 .net *"_ivl_1010", 0 0, L_0x555555ae1530;  1 drivers
v0x555555a4dc50_0 .net *"_ivl_1016", 0 0, L_0x555555ae17b0;  1 drivers
v0x555555a4d020_0 .net *"_ivl_1022", 0 0, L_0x555555ae19e0;  1 drivers
v0x555555a4cbe0_0 .net *"_ivl_1030", 0 0, L_0x555555ae1c80;  1 drivers
v0x555555a090a0_0 .net *"_ivl_1032", 0 0, L_0x555555ae1d90;  1 drivers
v0x555555a4bfe0_0 .net *"_ivl_1036", 0 0, L_0x555555ae1f60;  1 drivers
v0x555555a4bba0_0 .net *"_ivl_1038", 0 0, L_0x555555ae3170;  1 drivers
v0x555555a4b760_0 .net *"_ivl_1040", 0 0, L_0x555555ae2130;  1 drivers
v0x555555a4b340_0 .net *"_ivl_1044", 0 0, L_0x555555ae2300;  1 drivers
v0x555555a4af70_0 .net *"_ivl_1046", 0 0, L_0x555555ae2410;  1 drivers
v0x555555a46d80_0 .net *"_ivl_1048", 0 0, L_0x555555ae2520;  1 drivers
v0x555555a46960_0 .net *"_ivl_1054", 0 0, L_0x555555ae27b0;  1 drivers
v0x555555a46590_0 .net *"_ivl_1058", 0 0, L_0x555555ae2920;  1 drivers
v0x555555a3ed60_0 .net *"_ivl_106", 0 0, L_0x555555ac4320;  1 drivers
v0x555555a3e920_0 .net *"_ivl_1062", 0 0, L_0x555555ae2af0;  1 drivers
v0x555555a3e4e0_0 .net *"_ivl_1066", 0 0, L_0x555555ae2cc0;  1 drivers
v0x555555a3e0a0_0 .net *"_ivl_1070", 0 0, L_0x555555ae2e90;  1 drivers
v0x555555a3dc60_0 .net *"_ivl_1090", 0 0, L_0x555555ae38a0;  1 drivers
v0x555555a3d820_0 .net *"_ivl_1092", 0 0, L_0x555555ae39b0;  1 drivers
v0x555555a3cbf0_0 .net *"_ivl_1104", 0 0, L_0x555555ae3e80;  1 drivers
v0x555555a3bff0_0 .net *"_ivl_1108", 0 0, L_0x555555ae4050;  1 drivers
v0x555555a3bbb0_0 .net *"_ivl_1112", 0 0, L_0x555555ae4220;  1 drivers
v0x555555a3b770_0 .net *"_ivl_112", 0 0, L_0x555555aa99a0;  1 drivers
v0x555555a3b330_0 .net *"_ivl_1126", 0 0, L_0x555555ae4850;  1 drivers
v0x555555a3aef0_0 .net *"_ivl_1128", 0 0, L_0x555555ae4960;  1 drivers
v0x555555a3aab0_0 .net *"_ivl_1132", 0 0, L_0x555555ae4b30;  1 drivers
v0x555555a3a670_0 .net *"_ivl_1134", 0 0, L_0x555555ae4c40;  1 drivers
v0x555555a3a230_0 .net *"_ivl_1138", 0 0, L_0x555555ae4e10;  1 drivers
v0x555555a39630_0 .net *"_ivl_1140", 0 0, L_0x555555ae4f20;  1 drivers
v0x555555a38a30_0 .net *"_ivl_12", 0 0, L_0x555555ac0bf0;  1 drivers
v0x555555a37e30_0 .net *"_ivl_128", 0 0, L_0x555555ac5760;  1 drivers
v0x555555a37230_0 .net *"_ivl_132", 0 0, L_0x555555ac5a60;  1 drivers
v0x555555a36df0_0 .net *"_ivl_138", 0 0, L_0x555555ac5de0;  1 drivers
v0x555555a361c0_0 .net *"_ivl_144", 0 0, L_0x555555ac64b0;  1 drivers
v0x555555a34610_0 .net *"_ivl_150", 0 0, L_0x555555ac69a0;  1 drivers
v0x555555a341d0_0 .net *"_ivl_156", 0 0, L_0x555555ac7190;  1 drivers
v0x555555a33d90_0 .net *"_ivl_16", 0 0, L_0x555555ac0dc0;  1 drivers
v0x555555a33950_0 .net *"_ivl_194", 0 0, L_0x555555ac96f0;  1 drivers
v0x555555a32d50_0 .net *"_ivl_2", 0 0, L_0x555555abf9f0;  1 drivers
v0x555555a328e0_0 .net *"_ivl_20", 0 0, L_0x555555ac1060;  1 drivers
v0x555555a324a0_0 .net *"_ivl_210", 0 0, L_0x555555aca9d0;  1 drivers
v0x555555a32030_0 .net *"_ivl_216", 0 0, L_0x555555acb240;  1 drivers
v0x555555a31bf0_0 .net *"_ivl_220", 0 0, L_0x555555acb740;  1 drivers
v0x555555a31780_0 .net *"_ivl_224", 0 0, L_0x555555acbca0;  1 drivers
v0x555555a31340_0 .net *"_ivl_228", 0 0, L_0x555555acc210;  1 drivers
v0x555555a30ed0_0 .net *"_ivl_234", 0 0, L_0x555555acc850;  1 drivers
v0x555555a2f370_0 .net *"_ivl_238", 0 0, L_0x555555accde0;  1 drivers
v0x555555a2de00_0 .net *"_ivl_24", 0 0, L_0x555555ac11b0;  1 drivers
v0x555555a2d9c0_0 .net *"_ivl_242", 0 0, L_0x555555acd380;  1 drivers
v0x555555a2ae40_0 .net *"_ivl_246", 0 0, L_0x555555acd930;  1 drivers
v0x555555a2a610_0 .net *"_ivl_250", 0 0, L_0x555555acdef0;  1 drivers
v0x555555a29e20_0 .net *"_ivl_26", 0 0, L_0x555555ac1330;  1 drivers
v0x555555a299e0_0 .net *"_ivl_28", 0 0, L_0x555555ac1140;  1 drivers
v0x555555a295c0_0 .net *"_ivl_288", 0 0, L_0x555555acf420;  1 drivers
v0x555555a27cd0_0 .net *"_ivl_32", 0 0, L_0x555555ac1610;  1 drivers
v0x555555a27890_0 .net *"_ivl_324", 0 0, L_0x555555ad00b0;  1 drivers
v0x555555a27470_0 .net *"_ivl_328", 0 0, L_0x555555ad0280;  1 drivers
v0x555555a270a0_0 .net *"_ivl_332", 0 0, L_0x555555ad0400;  1 drivers
v0x555555a26cb0_0 .net *"_ivl_334", 0 0, L_0x555555ad0470;  1 drivers
v0x555555a26890_0 .net *"_ivl_338", 0 0, L_0x555555ad0790;  1 drivers
v0x555555a264c0_0 .net *"_ivl_34", 0 0, L_0x555555ac1680;  1 drivers
v0x555555a25910_0 .net *"_ivl_340", 0 0, L_0x555555ad0850;  1 drivers
v0x555555a254f0_0 .net *"_ivl_342", 0 0, L_0x555555ad0910;  1 drivers
v0x555555a25120_0 .net *"_ivl_346", 0 0, L_0x555555ad0a90;  1 drivers
v0x555555a24d30_0 .net *"_ivl_348", 0 0, L_0x555555ad0b00;  1 drivers
v0x555555a24dd0_0 .net *"_ivl_36", 0 0, L_0x555555ac18f0;  1 drivers
v0x555555a24910_0 .net *"_ivl_368", 0 0, L_0x555555ad1260;  1 drivers
v0x555555a249d0_0 .net *"_ivl_372", 0 0, L_0x555555ad1540;  1 drivers
v0x555555a24540_0 .net *"_ivl_376", 0 0, L_0x555555ad1710;  1 drivers
v0x555555a24170_0 .net *"_ivl_396", 0 0, L_0x555555ad1eb0;  1 drivers
v0x555555a23da0_0 .net *"_ivl_4", 0 0, L_0x555555abfab0;  1 drivers
v0x555555a239d0_0 .net *"_ivl_40", 0 0, L_0x555555ac1b20;  1 drivers
v0x555555a235b0_0 .net *"_ivl_408", 0 0, L_0x555555ad2250;  1 drivers
v0x555555a23190_0 .net *"_ivl_412", 0 0, L_0x555555ad2380;  1 drivers
v0x555555a22dc0_0 .net *"_ivl_416", 0 0, L_0x555555ad2550;  1 drivers
v0x555555a229d0_0 .net *"_ivl_42", 0 0, L_0x555555ac1b90;  1 drivers
v0x555555a1f180_0 .net *"_ivl_422", 0 0, L_0x555555ad2fe0;  1 drivers
v0x555555a044d0_0 .net *"_ivl_430", 0 0, L_0x555555ad2b30;  1 drivers
v0x555555a1ce60_0 .net *"_ivl_436", 0 0, L_0x555555ad2d70;  1 drivers
v0x555555a1c250_0 .net *"_ivl_44", 0 0, L_0x555555ac1d10;  1 drivers
v0x555555a1be80_0 .net *"_ivl_442", 0 0, L_0x555555ad3740;  1 drivers
v0x555555a1bab0_0 .net *"_ivl_448", 0 0, L_0x555555ad3180;  1 drivers
v0x555555a1b6e0_0 .net *"_ivl_468", 0 0, L_0x555555ad3980;  1 drivers
v0x555555a1b2f0_0 .net *"_ivl_474", 0 0, L_0x555555ad3b20;  1 drivers
v0x555555a1aeb0_0 .net *"_ivl_48", 0 0, L_0x555555ac1f10;  1 drivers
v0x555555a1a2d0_0 .net *"_ivl_490", 0 0, L_0x555555ad4870;  1 drivers
v0x555555a19f00_0 .net *"_ivl_494", 0 0, L_0x555555ad40c0;  1 drivers
v0x555555a19b30_0 .net *"_ivl_498", 0 0, L_0x555555ad4300;  1 drivers
v0x555555a19740_0 .net *"_ivl_502", 0 0, L_0x555555ad4430;  1 drivers
v0x555555a19320_0 .net *"_ivl_506", 0 0, L_0x555555ad4600;  1 drivers
v0x555555a18f50_0 .net *"_ivl_510", 0 0, L_0x555555ad50e0;  1 drivers
v0x555555a18b30_0 .net *"_ivl_514", 0 0, L_0x555555ad49a0;  1 drivers
v0x555555a03c70_0 .net *"_ivl_518", 0 0, L_0x555555ad4b70;  1 drivers
v0x555555a186f0_0 .net *"_ivl_52", 0 0, L_0x555555ac2120;  1 drivers
v0x555555a18280_0 .net *"_ivl_522", 0 0, L_0x555555ad4d40;  1 drivers
v0x555555a17e40_0 .net *"_ivl_526", 0 0, L_0x555555ad4f10;  1 drivers
v0x555555a179a0_0 .net *"_ivl_530", 0 0, L_0x555555ad5a40;  1 drivers
v0x555555a17560_0 .net *"_ivl_534", 0 0, L_0x555555ad52b0;  1 drivers
v0x555555a17120_0 .net *"_ivl_538", 0 0, L_0x555555ad5480;  1 drivers
v0x555555a16ce0_0 .net *"_ivl_54", 0 0, L_0x555555ac22a0;  1 drivers
v0x555555a168a0_0 .net *"_ivl_542", 0 0, L_0x555555ad5650;  1 drivers
v0x555555a16430_0 .net *"_ivl_546", 0 0, L_0x555555ad5820;  1 drivers
v0x555555a15ff0_0 .net *"_ivl_556", 0 0, L_0x555555ad5c80;  1 drivers
v0x555555a15390_0 .net *"_ivl_560", 0 0, L_0x555555ad5e50;  1 drivers
v0x555555a14730_0 .net *"_ivl_564", 0 0, L_0x555555ad6020;  1 drivers
v0x555555a13ad0_0 .net *"_ivl_568", 0 0, L_0x555555ad61f0;  1 drivers
v0x555555a12e70_0 .net *"_ivl_572", 0 0, L_0x555555ad6d60;  1 drivers
v0x555555a11a50_0 .net *"_ivl_576", 0 0, L_0x555555ad6460;  1 drivers
v0x555555a11610_0 .net *"_ivl_58", 0 0, L_0x555555ac24c0;  1 drivers
v0x555555a111d0_0 .net *"_ivl_580", 0 0, L_0x555555ad6630;  1 drivers
v0x555555a10d80_0 .net *"_ivl_584", 0 0, L_0x555555ad6800;  1 drivers
v0x555555a10960_0 .net *"_ivl_598", 0 0, L_0x555555ad7930;  1 drivers
v0x555555a10520_0 .net *"_ivl_606", 0 0, L_0x555555ad70d0;  1 drivers
v0x555555a913b0_0 .net *"_ivl_614", 0 0, L_0x555555ad72e0;  1 drivers
v0x555555a90fe0_0 .net *"_ivl_62", 0 0, L_0x555555ac26f0;  1 drivers
v0x555555a90c10_0 .net *"_ivl_622", 0 0, L_0x555555ad7580;  1 drivers
v0x555555a904c0_0 .net *"_ivl_630", 0 0, L_0x555555ad7820;  1 drivers
v0x555555a900f0_0 .net *"_ivl_638", 0 0, L_0x555555ad7af0;  1 drivers
v0x555555a8fd20_0 .net *"_ivl_646", 0 0, L_0x555555ad7fa0;  1 drivers
v0x555555a8f950_0 .net *"_ivl_654", 0 0, L_0x555555ad8240;  1 drivers
v0x555555a8c470_0 .net *"_ivl_66", 0 0, L_0x555555ac2a40;  1 drivers
v0x555555a8a960_0 .net *"_ivl_662", 0 0, L_0x555555ad9070;  1 drivers
v0x555555a8a590_0 .net *"_ivl_666", 0 0, L_0x555555ad85d0;  1 drivers
v0x555555a0f8c0_0 .net *"_ivl_674", 0 0, L_0x555555ad8920;  1 drivers
v0x555555a8a1c0_0 .net *"_ivl_682", 0 0, L_0x555555ad8c70;  1 drivers
v0x555555a89df0_0 .net *"_ivl_690", 0 0, L_0x555555ad9c50;  1 drivers
v0x555555a88e50_0 .net *"_ivl_698", 0 0, L_0x555555ad9370;  1 drivers
v0x555555a88a10_0 .net *"_ivl_70", 0 0, L_0x555555ac2c90;  1 drivers
v0x555555a885d0_0 .net *"_ivl_706", 0 0, L_0x555555ad96c0;  1 drivers
v0x555555a87e10_0 .net *"_ivl_714", 0 0, L_0x555555ad9a10;  1 drivers
v0x555555a879f0_0 .net *"_ivl_722", 0 0, L_0x555555ad9e20;  1 drivers
v0x555555a87620_0 .net *"_ivl_730", 0 0, L_0x555555ada170;  1 drivers
v0x555555a87250_0 .net *"_ivl_734", 0 0, L_0x555555ada340;  1 drivers
v0x555555a847c0_0 .net *"_ivl_738", 0 0, L_0x555555ada470;  1 drivers
v0x555555a0ec60_0 .net *"_ivl_74", 0 0, L_0x555555ac2e30;  1 drivers
v0x555555a818e0_0 .net *"_ivl_740", 0 0, L_0x555555ada4e0;  1 drivers
v0x555555a814a0_0 .net *"_ivl_744", 0 0, L_0x555555ada610;  1 drivers
v0x555555a808a0_0 .net *"_ivl_746", 0 0, L_0x555555ada710;  1 drivers
v0x555555a28fa0_0 .net *"_ivl_748", 0 0, L_0x555555ada780;  1 drivers
v0x555555a29080_0 .net *"_ivl_78", 0 0, L_0x555555ac3050;  1 drivers
v0x555555a28c20_0 .net *"_ivl_796", 0 0, L_0x555555adb840;  1 drivers
v0x555555a28d00_0 .net *"_ivl_8", 0 0, L_0x555555abfc30;  1 drivers
v0x555555a288a0_0 .net *"_ivl_806", 0 0, L_0x555555adbba0;  1 drivers
v0x555555a28980_0 .net *"_ivl_810", 0 0, L_0x555555adbd10;  1 drivers
v0x555555a28520_0 .net *"_ivl_814", 0 0, L_0x555555adbf10;  1 drivers
v0x555555a28600_0 .net *"_ivl_816", 0 0, L_0x555555adbf80;  1 drivers
v0x555555a281a0_0 .net *"_ivl_82", 0 0, L_0x555555ac32d0;  1 drivers
v0x555555a28280_0 .net *"_ivl_820", 0 0, L_0x555555adc060;  1 drivers
v0x555555a226e0_0 .net *"_ivl_824", 0 0, L_0x555555add2f0;  1 drivers
v0x555555a227c0_0 .net *"_ivl_828", 0 0, L_0x555555adc600;  1 drivers
v0x555555a22360_0 .net *"_ivl_830", 0 0, L_0x555555adc790;  1 drivers
v0x555555a22440_0 .net *"_ivl_838", 0 0, L_0x555555adc9f0;  1 drivers
v0x555555a21fe0_0 .net *"_ivl_842", 0 0, L_0x555555adcbc0;  1 drivers
v0x555555a220c0_0 .net *"_ivl_846", 0 0, L_0x555555adcd90;  1 drivers
v0x555555a21c60_0 .net *"_ivl_850", 0 0, L_0x555555adcf60;  1 drivers
v0x555555a21d40_0 .net *"_ivl_854", 0 0, L_0x555555add130;  1 drivers
v0x555555a91f60_0 .net *"_ivl_856", 0 0, L_0x555555add240;  1 drivers
v0x555555a92040_0 .net *"_ivl_858", 0 0, L_0x555555ade270;  1 drivers
v0x555555a91be0_0 .net *"_ivl_86", 0 0, L_0x555555ac3560;  1 drivers
v0x555555a91cc0_0 .net *"_ivl_862", 0 0, L_0x555555add520;  1 drivers
v0x555555a91860_0 .net *"_ivl_866", 0 0, L_0x555555add6f0;  1 drivers
v0x555555a91940_0 .net *"_ivl_868", 0 0, L_0x555555add800;  1 drivers
v0x555555a90970_0 .net *"_ivl_872", 0 0, L_0x555555add9d0;  1 drivers
v0x555555a90a50_0 .net *"_ivl_876", 0 0, L_0x555555addba0;  1 drivers
v0x555555a8d3a0_0 .net *"_ivl_880", 0 0, L_0x555555addd70;  1 drivers
v0x555555a8d480_0 .net *"_ivl_884", 0 0, L_0x555555addf40;  1 drivers
v0x555555a8d020_0 .net *"_ivl_888", 0 0, L_0x555555ade110;  1 drivers
v0x555555a8d100_0 .net *"_ivl_892", 0 0, L_0x555555ade380;  1 drivers
v0x555555a8cca0_0 .net *"_ivl_898", 0 0, L_0x555555ade600;  1 drivers
v0x555555a8cd80_0 .net *"_ivl_904", 0 0, L_0x555555ade830;  1 drivers
v0x555555a8c920_0 .net *"_ivl_912", 0 0, L_0x555555adead0;  1 drivers
v0x555555a8ca00_0 .net *"_ivl_916", 0 0, L_0x555555adec40;  1 drivers
v0x555555a882e0_0 .net *"_ivl_920", 0 0, L_0x555555adee10;  1 drivers
v0x555555a883c0_0 .net *"_ivl_924", 0 0, L_0x555555adefe0;  1 drivers
v0x555555a7dcf0_0 .net *"_ivl_928", 0 0, L_0x555555adf280;  1 drivers
v0x555555a7ddd0_0 .net *"_ivl_932", 0 0, L_0x555555adf450;  1 drivers
v0x555555a7d530_0 .net *"_ivl_936", 0 0, L_0x555555adf620;  1 drivers
v0x555555a7d5f0_0 .net *"_ivl_94", 0 0, L_0x555555ac3c70;  1 drivers
v0x555555a7cd70_0 .net *"_ivl_948", 0 0, L_0x555555adfa90;  1 drivers
v0x555555a7ce50_0 .net *"_ivl_950", 0 0, L_0x555555adfba0;  1 drivers
v0x555555a7c5b0_0 .net *"_ivl_952", 0 0, L_0x555555adfcb0;  1 drivers
v0x555555a7c690_0 .net *"_ivl_956", 0 0, L_0x555555adfe80;  1 drivers
v0x555555a7ba00_0 .net *"_ivl_960", 0 0, L_0x555555adfff0;  1 drivers
v0x555555a7bae0_0 .net *"_ivl_962", 0 0, L_0x555555ae1060;  1 drivers
v0x555555a7aa60_0 .net *"_ivl_966", 0 0, L_0x555555ae0210;  1 drivers
v0x555555a7ab20_0 .net *"_ivl_968", 0 0, L_0x555555ae0280;  1 drivers
v0x555555a79ac0_0 .net *"_ivl_970", 0 0, L_0x555555ae0340;  1 drivers
v0x555555a79ba0_0 .net *"_ivl_974", 0 0, L_0x555555ae04c0;  1 drivers
v0x555555a0db60_0 .net *"_ivl_976", 0 0, L_0x555555ae05d0;  1 drivers
v0x555555a0dc40_0 .net *"_ivl_978", 0 0, L_0x555555ae06e0;  1 drivers
v0x555555a78f10_0 .net *"_ivl_982", 0 0, L_0x555555ae08b0;  1 drivers
v0x555555a78ff0_0 .net *"_ivl_984", 0 0, L_0x555555ae09c0;  1 drivers
v0x555555a78750_0 .net *"_ivl_988", 0 0, L_0x555555ae0b90;  1 drivers
v0x555555a78810_0 .net *"_ivl_992", 0 0, L_0x555555ae0d60;  1 drivers
v0x555555a766b0_0 .net *"_ivl_996", 0 0, L_0x555555ae0f30;  1 drivers
S_0x555555a29320 .scope module, "ref" "c880" 2 32, 4 16 0, S_0x555555a98740;
 .timescale 0 0;
    .port_info 0 /INPUT 1 "N1";
    .port_info 1 /INPUT 1 "N8";
    .port_info 2 /INPUT 1 "N13";
    .port_info 3 /INPUT 1 "N17";
    .port_info 4 /INPUT 1 "N26";
    .port_info 5 /INPUT 1 "N29";
    .port_info 6 /INPUT 1 "N36";
    .port_info 7 /INPUT 1 "N42";
    .port_info 8 /INPUT 1 "N51";
    .port_info 9 /INPUT 1 "N55";
    .port_info 10 /INPUT 1 "N59";
    .port_info 11 /INPUT 1 "N68";
    .port_info 12 /INPUT 1 "N72";
    .port_info 13 /INPUT 1 "N73";
    .port_info 14 /INPUT 1 "N74";
    .port_info 15 /INPUT 1 "N75";
    .port_info 16 /INPUT 1 "N80";
    .port_info 17 /INPUT 1 "N85";
    .port_info 18 /INPUT 1 "N86";
    .port_info 19 /INPUT 1 "N87";
    .port_info 20 /INPUT 1 "N88";
    .port_info 21 /INPUT 1 "N89";
    .port_info 22 /INPUT 1 "N90";
    .port_info 23 /INPUT 1 "N91";
    .port_info 24 /INPUT 1 "N96";
    .port_info 25 /INPUT 1 "N101";
    .port_info 26 /INPUT 1 "N106";
    .port_info 27 /INPUT 1 "N111";
    .port_info 28 /INPUT 1 "N116";
    .port_info 29 /INPUT 1 "N121";
    .port_info 30 /INPUT 1 "N126";
    .port_info 31 /INPUT 1 "N130";
    .port_info 32 /INPUT 1 "N135";
    .port_info 33 /INPUT 1 "N138";
    .port_info 34 /INPUT 1 "N143";
    .port_info 35 /INPUT 1 "N146";
    .port_info 36 /INPUT 1 "N149";
    .port_info 37 /INPUT 1 "N152";
    .port_info 38 /INPUT 1 "N153";
    .port_info 39 /INPUT 1 "N156";
    .port_info 40 /INPUT 1 "N159";
    .port_info 41 /INPUT 1 "N165";
    .port_info 42 /INPUT 1 "N171";
    .port_info 43 /INPUT 1 "N177";
    .port_info 44 /INPUT 1 "N183";
    .port_info 45 /INPUT 1 "N189";
    .port_info 46 /INPUT 1 "N195";
    .port_info 47 /INPUT 1 "N201";
    .port_info 48 /INPUT 1 "N207";
    .port_info 49 /INPUT 1 "N210";
    .port_info 50 /INPUT 1 "N219";
    .port_info 51 /INPUT 1 "N228";
    .port_info 52 /INPUT 1 "N237";
    .port_info 53 /INPUT 1 "N246";
    .port_info 54 /INPUT 1 "N255";
    .port_info 55 /INPUT 1 "N259";
    .port_info 56 /INPUT 1 "N260";
    .port_info 57 /INPUT 1 "N261";
    .port_info 58 /INPUT 1 "N267";
    .port_info 59 /INPUT 1 "N268";
    .port_info 60 /OUTPUT 1 "N388";
    .port_info 61 /OUTPUT 1 "N389";
    .port_info 62 /OUTPUT 1 "N390";
    .port_info 63 /OUTPUT 1 "N391";
    .port_info 64 /OUTPUT 1 "N418";
    .port_info 65 /OUTPUT 1 "N419";
    .port_info 66 /OUTPUT 1 "N420";
    .port_info 67 /OUTPUT 1 "N421";
    .port_info 68 /OUTPUT 1 "N422";
    .port_info 69 /OUTPUT 1 "N423";
    .port_info 70 /OUTPUT 1 "N446";
    .port_info 71 /OUTPUT 1 "N447";
    .port_info 72 /OUTPUT 1 "N448";
    .port_info 73 /OUTPUT 1 "N449";
    .port_info 74 /OUTPUT 1 "N450";
    .port_info 75 /OUTPUT 1 "N767";
    .port_info 76 /OUTPUT 1 "N768";
    .port_info 77 /OUTPUT 1 "N850";
    .port_info 78 /OUTPUT 1 "N863";
    .port_info 79 /OUTPUT 1 "N864";
    .port_info 80 /OUTPUT 1 "N865";
    .port_info 81 /OUTPUT 1 "N866";
    .port_info 82 /OUTPUT 1 "N874";
    .port_info 83 /OUTPUT 1 "N878";
    .port_info 84 /OUTPUT 1 "N879";
    .port_info 85 /OUTPUT 1 "N880";
L_0x555555837150 .functor NAND 1, v0x555555aa4080_0, v0x555555aa5fc0_0, v0x555555aa44e0_0, v0x555555aa4c60_0;
L_0x555555a27180 .functor NAND 1, v0x555555aa4080_0, v0x555555aa55c0_0, v0x555555aa44e0_0, v0x555555aa4c60_0;
L_0x555555a26d90 .functor AND 1, v0x555555aa58e0_0, v0x555555aa5980_0, v0x555555aa5a20_0, C4<1>;
L_0x555555a26970 .functor AND 1, v0x555555aa4080_0, v0x555555aa55c0_0, v0x555555aa5ac0_0, C4<1>;
L_0x555555a265a0 .functor NAND 1, v0x555555aa4080_0, v0x555555aa5fc0_0, v0x555555aa5ac0_0, v0x555555aa4c60_0;
L_0x555555a259f0 .functor NAND 1, v0x555555aa4080_0, v0x555555aa5fc0_0, v0x555555aa44e0_0, v0x555555aa5b60_0;
L_0x555555a255d0 .functor NAND 1, v0x555555aa5c00_0, v0x555555aa5a20_0, v0x555555aa5ca0_0, v0x555555aa5d40_0;
L_0x555555a25200 .functor NAND 1, v0x555555aa58e0_0, v0x555555aa5ca0_0, C4<1>, C4<1>;
L_0x555555a24620 .functor NAND 1, v0x555555aa5c00_0, v0x555555aa5ca0_0, v0x555555aa5e80_0, C4<1>;
L_0x555555a24250 .functor AND 1, v0x555555aa58e0_0, v0x555555aa5f20_0, v0x555555aa6060_0, C4<1>;
L_0x555555a23ab0 .functor AND 1, v0x555555aa58e0_0, v0x555555aa5f20_0, v0x555555aa5a20_0, C4<1>;
L_0x555555a23690 .functor AND 1, v0x555555aa58e0_0, v0x555555aa5980_0, v0x555555aa6060_0, C4<1>;
L_0x555555a23270 .functor AND 1, v0x555555aa58e0_0, v0x555555aa5980_0, v0x555555aa5a20_0, C4<1>;
L_0x555555a22ea0 .functor AND 1, v0x555555aa5c00_0, v0x555555aa5f20_0, v0x555555aa6060_0, C4<1>;
L_0x555555a22ab0 .functor AND 1, v0x555555aa5c00_0, v0x555555aa5f20_0, v0x555555aa5a20_0, C4<1>;
L_0x555555a1f260 .functor AND 1, v0x555555aa5c00_0, v0x555555aa5980_0, v0x555555aa6060_0, C4<1>;
L_0x555555a045b0 .functor AND 1, v0x555555aa5c00_0, v0x555555aa5980_0, v0x555555aa5a20_0, C4<1>;
L_0x555555a1cf40 .functor AND 1, v0x555555aa6100_0, v0x555555aa61a0_0, C4<1>, C4<1>;
L_0x555555a1c330 .functor OR 1, v0x555555aa6240_0, v0x555555aa62e0_0, C4<0>, C4<0>;
L_0x555555a1bf60 .functor NAND 1, v0x555555aa64c0_0, v0x555555aa6560_0, C4<1>, C4<1>;
L_0x555555a1bb90 .functor OR 1, v0x555555aa64c0_0, v0x555555aa6560_0, C4<0>, C4<0>;
L_0x555555a1b7c0 .functor NAND 1, v0x555555aa4120_0, v0x555555aa41c0_0, C4<1>, C4<1>;
L_0x555555a1b3d0 .functor OR 1, v0x555555aa4120_0, v0x555555aa41c0_0, C4<0>, C4<0>;
L_0x555555a1af90 .functor NAND 1, v0x555555aa4260_0, v0x555555aa4300_0, C4<1>, C4<1>;
L_0x555555a1a3b0 .functor OR 1, v0x555555aa4260_0, v0x555555aa4300_0, C4<0>, C4<0>;
L_0x555555a19fe0 .functor NAND 1, v0x555555aa43a0_0, v0x555555aa4440_0, C4<1>, C4<1>;
L_0x555555a19c10 .functor OR 1, v0x555555aa43a0_0, v0x555555aa4440_0, C4<0>, C4<0>;
L_0x555555a19820 .functor AND 1, v0x555555aa5fc0_0, v0x555555aa46c0_0, C4<1>, C4<1>;
L_0x555555a19400 .functor NOT 1, v0x555555aa5840_0, C4<0>, C4<0>, C4<0>;
L_0x555555a19030 .functor AND 1, v0x555555aa5ac0_0, v0x555555aa46c0_0, C4<1>, C4<1>;
L_0x555555a18c10 .functor AND 1, v0x555555aa4c60_0, v0x555555aa46c0_0, C4<1>, C4<1>;
L_0x555555a03d50 .functor AND 1, v0x555555aa4940_0, v0x555555aa46c0_0, C4<1>, C4<1>;
L_0x555555a187d0 .functor NAND 1, v0x555555aa5c00_0, v0x555555aa4a80_0, C4<1>, C4<1>;
L_0x555555a18360 .functor NOR 1, v0x555555aa4c60_0, v0x555555aa5a20_0, C4<0>, C4<0>;
L_0x555555a17f20 .functor AND 1, v0x555555aa4c60_0, v0x555555aa5a20_0, C4<1>, C4<1>;
L_0x555555a17a80 .functor NAND 1, v0x555555aa4b20_0, v0x555555aa4bc0_0, C4<1>, C4<1>;
L_0x555555a17640 .functor OR 1, v0x555555aa4b20_0, v0x555555aa4bc0_0, C4<0>, C4<0>;
L_0x555555a17200 .functor NAND 1, v0x555555aa4d00_0, v0x555555aa4da0_0, C4<1>, C4<1>;
L_0x555555a16dc0 .functor OR 1, v0x555555aa4d00_0, v0x555555aa4da0_0, C4<0>, C4<0>;
L_0x555555a16980 .functor NAND 1, v0x555555aa4e40_0, v0x555555aa4ee0_0, C4<1>, C4<1>;
L_0x555555a16510 .functor OR 1, v0x555555aa4e40_0, v0x555555aa4ee0_0, C4<0>, C4<0>;
L_0x555555a160d0 .functor NAND 1, v0x555555aa4f80_0, v0x555555aa5020_0, C4<1>, C4<1>;
L_0x555555a15470 .functor OR 1, v0x555555aa4f80_0, v0x555555aa5020_0, C4<0>, C4<0>;
L_0x555555a14810 .functor AND 1, v0x555555aa5160_0, v0x555555aa64c0_0, C4<1>, C4<1>;
L_0x555555a13bb0 .functor AND 1, v0x555555aa5160_0, v0x555555aa6560_0, C4<1>, C4<1>;
L_0x555555a12f50 .functor AND 1, v0x555555aa5160_0, v0x555555aa4120_0, C4<1>, C4<1>;
L_0x555555a11b30 .functor AND 1, v0x555555aa5160_0, v0x555555aa41c0_0, C4<1>, C4<1>;
L_0x555555a116f0 .functor AND 1, v0x555555aa5160_0, v0x555555aa4260_0, C4<1>, C4<1>;
L_0x555555a112b0 .functor AND 1, v0x555555aa5480_0, v0x555555aa5520_0, C4<1>, C4<1>;
L_0x555555a10e60 .functor AND 1, v0x555555aa5160_0, v0x555555aa4300_0, C4<1>, C4<1>;
L_0x555555a10a40 .functor AND 1, v0x555555aa5480_0, v0x555555aa5660_0, C4<1>, C4<1>;
L_0x555555a10600 .functor AND 1, v0x555555aa5160_0, v0x555555aa43a0_0, C4<1>, C4<1>;
L_0x555555a91490 .functor AND 1, v0x555555aa5480_0, v0x555555aa57a0_0, C4<1>, C4<1>;
L_0x555555a910c0 .functor NOT 1, L_0x555555837150, C4<0>, C4<0>, C4<0>;
L_0x555555a90cf0 .functor NOT 1, L_0x555555a26d90, C4<0>, C4<0>, C4<0>;
L_0x555555a905a0 .functor OR 1, L_0x555555a27180, L_0x555555a26d90, C4<0>, C4<0>;
L_0x555555a901d0 .functor NOT 1, L_0x555555a26970, C4<0>, C4<0>, C4<0>;
L_0x555555a8fe00 .functor NOT 1, L_0x555555a26970, C4<0>, C4<0>, C4<0>;
L_0x555555a8fa30 .functor NOT 1, L_0x555555a265a0, C4<0>, C4<0>, C4<0>;
L_0x555555a8c550 .functor NOR 1, L_0x555555a259f0, L_0x555555a255d0, C4<0>, C4<0>;
L_0x555555a8aa40 .functor OR 1, L_0x555555a259f0, L_0x555555a25200, C4<0>, C4<0>;
L_0x555555a8a670 .functor OR 1, L_0x555555a259f0, L_0x555555a24620, C4<0>, C4<0>;
L_0x555555a0f9a0 .functor NOT 1, L_0x555555a22ea0, C4<0>, C4<0>, C4<0>;
L_0x555555a8a2a0 .functor NOT 1, L_0x555555a22ab0, C4<0>, C4<0>, C4<0>;
L_0x555555a89ed0 .functor NOT 1, L_0x555555a1f260, C4<0>, C4<0>, C4<0>;
L_0x555555a88f30 .functor NOT 1, L_0x555555a045b0, C4<0>, C4<0>, C4<0>;
L_0x555555a88af0 .functor NAND 1, v0x555555aa6380_0, L_0x555555a1c330, C4<1>, C4<1>;
L_0x555555a886b0 .functor AND 1, v0x555555aa6420_0, L_0x555555a1c330, C4<1>, C4<1>;
L_0x555555a87ef0 .functor NAND 1, L_0x555555a1bf60, L_0x555555a1bb90, C4<1>, C4<1>;
L_0x555555a87ad0 .functor NAND 1, L_0x555555a1b7c0, L_0x555555a1b3d0, C4<1>, C4<1>;
L_0x555555a87700 .functor NAND 1, L_0x555555a1af90, L_0x555555a1a3b0, C4<1>, C4<1>;
L_0x555555a87330 .functor NAND 1, L_0x555555a19fe0, L_0x555555a19c10, C4<1>, C4<1>;
L_0x555555a848a0 .functor NOT 1, L_0x555555a19400, C4<0>, C4<0>, C4<0>;
L_0x555555a0ed40 .functor NOR 1, L_0x555555a18360, L_0x555555a17f20, C4<0>, C4<0>;
L_0x555555a819c0 .functor NAND 1, L_0x555555a17a80, L_0x555555a17640, C4<1>, C4<1>;
L_0x555555a81580 .functor NAND 1, L_0x555555a17200, L_0x555555a16dc0, C4<1>, C4<1>;
L_0x555555a80980 .functor NAND 1, L_0x555555a16980, L_0x555555a16510, C4<1>, C4<1>;
L_0x5555558f8960 .functor NAND 1, L_0x555555a160d0, L_0x555555a15470, C4<1>, C4<1>;
L_0x5555558f8660 .functor BUF 1, L_0x555555a23ab0, C4<0>, C4<0>, C4<0>;
L_0x5555558f8060 .functor BUF 1, L_0x555555a23690, C4<0>, C4<0>, C4<0>;
L_0x555555aab050 .functor BUF 1, L_0x555555a23270, C4<0>, C4<0>, C4<0>;
L_0x555555aab110 .functor BUF 1, L_0x555555a1cf40, C4<0>, C4<0>, C4<0>;
L_0x555555aab470 .functor OR 1, L_0x555555a27180, L_0x555555a90cf0, C4<0>, C4<0>;
L_0x555555aab530 .functor NOT 1, L_0x555555a901d0, C4<0>, C4<0>, C4<0>;
L_0x555555aab8a0 .functor NOT 1, L_0x555555a8fe00, C4<0>, C4<0>, C4<0>;
L_0x555555aab960 .functor AND 1, L_0x555555a8c550, v0x555555aa5de0_0, C4<1>, C4<1>;
L_0x555555aabce0 .functor NOT 1, L_0x555555a8aa40, C4<0>, C4<0>, C4<0>;
L_0x555555aabda0 .functor NOT 1, L_0x555555a8a670, C4<0>, C4<0>, C4<0>;
L_0x555555aac130 .functor NOT 1, L_0x555555a88af0, C4<0>, C4<0>, C4<0>;
L_0x555555aac1f0 .functor NOT 1, L_0x555555a87ef0, C4<0>, C4<0>, C4<0>;
L_0x555555aac590 .functor NOT 1, L_0x555555a87ad0, C4<0>, C4<0>, C4<0>;
L_0x555555aac650 .functor AND 1, L_0x555555a87ef0, L_0x555555a87ad0, C4<1>, C4<1>;
L_0x555555aac9b0 .functor NOT 1, L_0x555555a87700, C4<0>, C4<0>, C4<0>;
L_0x555555aaca70 .functor NOT 1, L_0x555555a87330, C4<0>, C4<0>, C4<0>;
L_0x555555aace30 .functor AND 1, L_0x555555a87700, L_0x555555a87330, C4<1>, C4<1>;
L_0x555555aacea0 .functor NAND 1, L_0x555555a8fa30, L_0x555555a8a2a0, C4<1>, C4<1>;
L_0x555555aad2c0 .functor NOT 1, L_0x555555a819c0, C4<0>, C4<0>, C4<0>;
L_0x555555aad380 .functor NOT 1, L_0x555555a81580, C4<0>, C4<0>, C4<0>;
L_0x555555aad760 .functor AND 1, L_0x555555a819c0, L_0x555555a81580, C4<1>, C4<1>;
L_0x555555aad7d0 .functor NOT 1, L_0x555555a80980, C4<0>, C4<0>, C4<0>;
L_0x555555aadbc0 .functor NOT 1, L_0x5555558f8960, C4<0>, C4<0>, C4<0>;
L_0x555555aadc80 .functor AND 1, L_0x555555a80980, L_0x5555558f8960, C4<1>, C4<1>;
L_0x555555aae030 .functor AND 1, v0x555555aa5160_0, L_0x555555a848a0, C4<1>, C4<1>;
L_0x555555aae0f0 .functor BUF 1, L_0x555555a910c0, C4<0>, C4<0>, C4<0>;
L_0x555555aae500 .functor BUF 1, L_0x555555a905a0, C4<0>, C4<0>, C4<0>;
L_0x555555aae5c0 .functor BUF 1, L_0x555555a0f9a0, C4<0>, C4<0>, C4<0>;
L_0x555555aae9e0 .functor BUF 1, L_0x555555a89ed0, C4<0>, C4<0>, C4<0>;
L_0x555555aaeaa0 .functor BUF 1, L_0x555555a88f30, C4<0>, C4<0>, C4<0>;
L_0x555555aaeed0 .functor BUF 1, L_0x555555a886b0, C4<0>, C4<0>, C4<0>;
L_0x555555aaef90 .functor NOT 1, L_0x555555aab960, C4<0>, C4<0>, C4<0>;
L_0x555555aaf3d0 .functor AND 1, L_0x555555aac1f0, L_0x555555aac590, C4<1>, C4<1>;
L_0x555555aaf4e0 .functor AND 1, L_0x555555aac9b0, L_0x555555aaca70, C4<1>, C4<1>;
L_0x555555aaf980 .functor AND 1, L_0x555555a187d0, L_0x555555aab530, v0x555555aa5b60_0, C4<1>;
L_0x555555aafb20 .functor AND 1, L_0x555555aab530, v0x555555aa4c60_0, L_0x555555a24250, C4<1>;
L_0x555555aaff30 .functor NAND 1, L_0x555555aab530, L_0x555555a24250, v0x555555aa5b60_0, C4<1>;
L_0x555555ab0030 .functor NAND 1, L_0x555555a0ed40, v0x555555aa5c00_0, v0x555555aa4a80_0, L_0x555555aab530;
L_0x555555ab04e0 .functor NAND 1, L_0x555555aab530, L_0x555555a187d0, v0x555555aa4c60_0, C4<1>;
L_0x555555ab0550 .functor AND 1, L_0x555555aad2c0, L_0x555555aad380, C4<1>, C4<1>;
L_0x555555ab09d0 .functor AND 1, L_0x555555aad7d0, L_0x555555aadbc0, C4<1>, C4<1>;
L_0x555555ab0ae0 .functor BUF 1, L_0x555555aab470, C4<0>, C4<0>, C4<0>;
L_0x555555ab0f70 .functor BUF 1, L_0x555555aab8a0, C4<0>, C4<0>, C4<0>;
L_0x555555ab1030 .functor BUF 1, L_0x555555aabce0, C4<0>, C4<0>, C4<0>;
L_0x555555ab14d0 .functor BUF 1, L_0x555555aabda0, C4<0>, C4<0>, C4<0>;
L_0x555555ab1590 .functor BUF 1, L_0x555555aac130, C4<0>, C4<0>, C4<0>;
L_0x555555ab1a40 .functor NOT 1, L_0x555555aaef90, C4<0>, C4<0>, C4<0>;
L_0x555555ab1b00 .functor NOR 1, L_0x555555aac650, L_0x555555aaf3d0, C4<0>, C4<0>;
L_0x5555558f2400 .functor NOR 1, L_0x555555aace30, L_0x555555aaf4e0, C4<0>, C4<0>;
L_0x555555a23e80 .functor NAND 1, L_0x555555ab0030, L_0x555555aacea0, C4<1>, C4<1>;
L_0x555555ab2470 .functor AND 1, v0x555555aa4760_0, L_0x555555aaf980, C4<1>, C4<1>;
L_0x555555ab2530 .functor AND 1, L_0x555555a19400, L_0x555555aafb20, C4<1>, C4<1>;
L_0x555555ab2a10 .functor AND 1, v0x555555aa4800_0, L_0x555555aaf980, C4<1>, C4<1>;
L_0x555555ab2a80 .functor AND 1, L_0x555555a19400, L_0x555555aafb20, C4<1>, C4<1>;
L_0x555555ab25f0 .functor AND 1, v0x555555aa48a0_0, L_0x555555aaf980, C4<1>, C4<1>;
L_0x555555ab26f0 .functor AND 1, L_0x555555a19400, L_0x555555aafb20, C4<1>, C4<1>;
L_0x555555ab27f0 .functor AND 1, v0x555555aa49e0_0, L_0x555555aaf980, C4<1>, C4<1>;
L_0x555555ab2860 .functor AND 1, L_0x555555a19400, L_0x555555aafb20, C4<1>, C4<1>;
L_0x555555ab28d0 .functor NAND 1, L_0x555555ab04e0, v0x555555aa4080_0, C4<1>, C4<1>;
L_0x555555ab2940 .functor OR 1, L_0x555555a848a0, L_0x555555aaff30, C4<0>, C4<0>;
L_0x555555ab2b80 .functor OR 1, L_0x555555a848a0, L_0x555555aaff30, C4<0>, C4<0>;
L_0x555555ab2bf0 .functor OR 1, L_0x555555a848a0, L_0x555555aaff30, C4<0>, C4<0>;
L_0x555555ab2cf0 .functor OR 1, L_0x555555a848a0, L_0x555555aaff30, C4<0>, C4<0>;
L_0x555555ab2d60 .functor NOR 1, L_0x555555aad760, L_0x555555ab0550, C4<0>, C4<0>;
L_0x555555ab2dd0 .functor NOR 1, L_0x555555aadc80, L_0x555555ab09d0, C4<0>, C4<0>;
L_0x555555ab2e90 .functor NAND 1, v0x555555aa4580_0, L_0x555555ab1b00, C4<1>, C4<1>;
L_0x555555ab2f50 .functor OR 1, v0x555555aa4580_0, L_0x555555ab1b00, C4<0>, C4<0>;
L_0x555555ab3600 .functor NAND 1, L_0x5555558f2400, v0x555555aa4620_0, C4<1>, C4<1>;
L_0x555555ab30e0 .functor OR 1, L_0x5555558f2400, v0x555555aa4620_0, C4<0>, C4<0>;
L_0x555555ab31e0 .functor AND 1, v0x555555aa64c0_0, L_0x555555a23e80, C4<1>, C4<1>;
L_0x555555ab3250 .functor NOR 1, L_0x555555ab2470, L_0x555555ab2530, C4<0>, C4<0>;
L_0x555555ab3360 .functor AND 1, v0x555555aa6560_0, L_0x555555a23e80, C4<1>, C4<1>;
L_0x555555ab33d0 .functor NOR 1, L_0x555555ab2a10, L_0x555555ab2a80, C4<0>, C4<0>;
L_0x555555ab34e0 .functor AND 1, v0x555555aa4120_0, L_0x555555a23e80, C4<1>, C4<1>;
L_0x555555ab3670 .functor NOR 1, L_0x555555ab25f0, L_0x555555ab26f0, C4<0>, C4<0>;
L_0x555555ab3730 .functor AND 1, v0x555555aa41c0_0, L_0x555555a23e80, C4<1>, C4<1>;
L_0x555555ab37a0 .functor NOR 1, L_0x555555ab27f0, L_0x555555ab2860, C4<0>, C4<0>;
L_0x555555ab38b0 .functor AND 1, v0x555555aa4760_0, L_0x555555ab28d0, C4<1>, C4<1>;
L_0x555555ab39b0 .functor AND 1, v0x555555aa4260_0, L_0x555555a23e80, C4<1>, C4<1>;
L_0x555555ab3a20 .functor AND 1, v0x555555aa4800_0, L_0x555555ab28d0, C4<1>, C4<1>;
L_0x555555ab40c0 .functor AND 1, v0x555555aa4300_0, L_0x555555a23e80, C4<1>, C4<1>;
L_0x555555ab4130 .functor AND 1, v0x555555aa48a0_0, L_0x555555ab28d0, C4<1>, C4<1>;
L_0x555555ab3bc0 .functor AND 1, v0x555555aa43a0_0, L_0x555555a23e80, C4<1>, C4<1>;
L_0x555555ab3d40 .functor AND 1, v0x555555aa49e0_0, L_0x555555ab28d0, C4<1>, C4<1>;
L_0x555555ab3db0 .functor AND 1, v0x555555aa4440_0, L_0x555555a23e80, C4<1>, C4<1>;
L_0x555555ab3e20 .functor NAND 1, v0x555555aa4580_0, L_0x555555ab2d60, C4<1>, C4<1>;
L_0x555555ab3e90 .functor OR 1, v0x555555aa4580_0, L_0x555555ab2d60, C4<0>, C4<0>;
L_0x555555ab3f00 .functor NAND 1, L_0x555555ab2dd0, v0x555555aa50c0_0, C4<1>, C4<1>;
L_0x555555ab3f70 .functor OR 1, L_0x555555ab2dd0, v0x555555aa50c0_0, C4<0>, C4<0>;
L_0x555555ab4800 .functor AND 1, L_0x555555ab1a40, v0x555555aa4b20_0, C4<1>, C4<1>;
L_0x555555ab42c0 .functor AND 1, L_0x555555ab1a40, v0x555555aa4bc0_0, C4<1>, C4<1>;
L_0x555555ab4330 .functor AND 1, L_0x555555ab1a40, v0x555555aa4d00_0, C4<1>, C4<1>;
L_0x555555ab4430 .functor AND 1, L_0x555555ab1a40, v0x555555aa4da0_0, C4<1>, C4<1>;
L_0x555555ab44a0 .functor AND 1, L_0x555555ab1a40, v0x555555aa4e40_0, C4<1>, C4<1>;
L_0x555555ab4510 .functor NAND 1, L_0x555555ab1a40, v0x555555aa4ee0_0, C4<1>, C4<1>;
L_0x555555ab4580 .functor NAND 1, L_0x555555ab1a40, v0x555555aa4f80_0, C4<1>, C4<1>;
L_0x555555ab4700 .functor NAND 1, L_0x555555ab1a40, v0x555555aa5020_0, C4<1>, C4<1>;
L_0x555555ab4770 .functor NAND 1, L_0x555555ab2e90, L_0x555555ab2f50, C4<1>, C4<1>;
L_0x555555ab4e00 .functor NAND 1, L_0x555555ab3600, L_0x555555ab30e0, C4<1>, C4<1>;
L_0x555555ab4e70 .functor NOR 1, L_0x555555a19820, L_0x555555ab31e0, C4<0>, C4<0>;
L_0x555555ab4870 .functor NOR 1, L_0x555555a19030, L_0x555555ab3360, C4<0>, C4<0>;
L_0x555555ab4980 .functor NOR 1, L_0x555555a18c10, L_0x555555ab34e0, C4<0>, C4<0>;
L_0x555555ab4a90 .functor NOR 1, L_0x555555a03d50, L_0x555555ab3730, C4<0>, C4<0>;
L_0x555555ab4ba0 .functor NOR 1, L_0x555555ab38b0, L_0x555555ab39b0, C4<0>, C4<0>;
L_0x555555ab4cb0 .functor NOR 1, L_0x555555ab3a20, L_0x555555ab40c0, C4<0>, C4<0>;
L_0x555555ab54f0 .functor NOR 1, L_0x555555ab4130, L_0x555555ab3bc0, C4<0>, C4<0>;
L_0x555555ab4f30 .functor NOR 1, L_0x555555ab3d40, L_0x555555ab3db0, C4<0>, C4<0>;
L_0x555555ab5040 .functor NAND 1, L_0x555555ab3e20, L_0x555555ab3e90, C4<1>, C4<1>;
L_0x555555ab5150 .functor NAND 1, L_0x555555ab3f00, L_0x555555ab3f70, C4<1>, C4<1>;
L_0x555555ab5260 .functor NOT 1, L_0x555555ab4770, C4<0>, C4<0>, C4<0>;
L_0x555555ab5320 .functor NOT 1, L_0x555555ab4e00, C4<0>, C4<0>, C4<0>;
L_0x555555ab53e0 .functor AND 1, L_0x555555ab4770, L_0x555555ab4e00, C4<1>, C4<1>;
L_0x555555ab5450 .functor NAND 1, L_0x555555ab4e70, L_0x555555ab3250, C4<1>, C4<1>;
L_0x555555ab5ca0 .functor NAND 1, L_0x555555ab4870, L_0x555555ab33d0, C4<1>, C4<1>;
L_0x555555ab5600 .functor NAND 1, L_0x555555ab4980, L_0x555555ab3670, C4<1>, C4<1>;
L_0x555555ab5710 .functor NAND 1, L_0x555555ab4a90, L_0x555555ab37a0, C4<1>, C4<1>;
L_0x555555ab5820 .functor NAND 1, L_0x555555ab2940, L_0x555555ab4ba0, C4<1>, C4<1>;
L_0x555555ab5930 .functor NAND 1, L_0x555555ab2b80, L_0x555555ab4cb0, C4<1>, C4<1>;
L_0x555555ab5a40 .functor NAND 1, L_0x555555ab2bf0, L_0x555555ab54f0, C4<1>, C4<1>;
L_0x555555ab5b50 .functor NAND 1, L_0x555555ab2cf0, L_0x555555ab4f30, C4<1>, C4<1>;
L_0x555555ab5db0 .functor NOT 1, L_0x555555ab5040, C4<0>, C4<0>, C4<0>;
L_0x555555ab5e70 .functor NOT 1, L_0x555555ab5150, C4<0>, C4<0>, C4<0>;
L_0x555555ab5f30 .functor AND 1, L_0x555555ab5040, L_0x555555ab5150, C4<1>, C4<1>;
L_0x555555ab5fa0 .functor AND 1, L_0x555555ab5260, L_0x555555ab5320, C4<1>, C4<1>;
L_0x555555ab60b0 .functor AND 1, L_0x555555ab5db0, L_0x555555ab5e70, C4<1>, C4<1>;
L_0x555555ab61c0 .functor NAND 1, L_0x555555ab5450, v0x555555aa4b20_0, C4<1>, C4<1>;
L_0x555555ab6280 .functor OR 1, L_0x555555ab5450, v0x555555aa4b20_0, C4<0>, C4<0>;
L_0x555555ab62f0 .functor AND 1, v0x555555aa53e0_0, L_0x555555ab5450, C4<1>, C4<1>;
L_0x555555ab6360 .functor NAND 1, L_0x555555ab5ca0, v0x555555aa4bc0_0, C4<1>, C4<1>;
L_0x555555ab6b00 .functor OR 1, L_0x555555ab5ca0, v0x555555aa4bc0_0, C4<0>, C4<0>;
L_0x555555ab6480 .functor AND 1, v0x555555aa53e0_0, L_0x555555ab5ca0, C4<1>, C4<1>;
L_0x555555ab6610 .functor NAND 1, L_0x555555ab5600, v0x555555aa4d00_0, C4<1>, C4<1>;
L_0x555555ab6680 .functor OR 1, L_0x555555ab5600, v0x555555aa4d00_0, C4<0>, C4<0>;
L_0x555555ab66f0 .functor AND 1, v0x555555aa53e0_0, L_0x555555ab5600, C4<1>, C4<1>;
L_0x555555ab67f0 .functor NAND 1, L_0x555555ab5710, v0x555555aa4da0_0, C4<1>, C4<1>;
L_0x555555ab6860 .functor OR 1, L_0x555555ab5710, v0x555555aa4da0_0, C4<0>, C4<0>;
L_0x555555ab68d0 .functor AND 1, v0x555555aa53e0_0, L_0x555555ab5710, C4<1>, C4<1>;
L_0x555555ab69d0 .functor NAND 1, L_0x555555ab5820, v0x555555aa4e40_0, C4<1>, C4<1>;
L_0x555555ab6a40 .functor OR 1, L_0x555555ab5820, v0x555555aa4e40_0, C4<0>, C4<0>;
L_0x555555ab7240 .functor AND 1, v0x555555aa53e0_0, L_0x555555ab5820, C4<1>, C4<1>;
L_0x555555ab6b70 .functor NAND 1, L_0x555555ab5930, v0x555555aa4ee0_0, C4<1>, C4<1>;
L_0x555555ab6be0 .functor OR 1, L_0x555555ab5930, v0x555555aa4ee0_0, C4<0>, C4<0>;
L_0x555555ab6c50 .functor AND 1, v0x555555aa53e0_0, L_0x555555ab5930, C4<1>, C4<1>;
L_0x555555ab6dd0 .functor NAND 1, L_0x555555ab5a40, v0x555555aa4f80_0, C4<1>, C4<1>;
L_0x555555ab6e40 .functor OR 1, L_0x555555ab5a40, v0x555555aa4f80_0, C4<0>, C4<0>;
L_0x555555ab6eb0 .functor AND 1, v0x555555aa53e0_0, L_0x555555ab5a40, C4<1>, C4<1>;
L_0x555555ab6fb0 .functor NAND 1, L_0x555555ab5b50, v0x555555aa5020_0, C4<1>, C4<1>;
L_0x555555ab7020 .functor OR 1, L_0x555555ab5b50, v0x555555aa5020_0, C4<0>, C4<0>;
L_0x555555ab7090 .functor AND 1, v0x555555aa53e0_0, L_0x555555ab5b50, C4<1>, C4<1>;
L_0x555555ab7190 .functor NOR 1, L_0x555555ab53e0, L_0x555555ab5fa0, C4<0>, C4<0>;
L_0x555555ab7a70 .functor NOR 1, L_0x555555ab5f30, L_0x555555ab60b0, C4<0>, C4<0>;
L_0x555555ab7ae0 .functor NOT 1, L_0x555555ab61c0, C4<0>, C4<0>, C4<0>;
L_0x555555ab7340 .functor AND 1, L_0x555555ab6280, L_0x555555ab61c0, C4<1>, C4<1>;
L_0x555555ab7400 .functor NOR 1, L_0x555555ab62f0, L_0x555555ab4800, C4<0>, C4<0>;
L_0x555555ab7510 .functor NOT 1, L_0x555555ab6360, C4<0>, C4<0>, C4<0>;
L_0x555555ab75d0 .functor AND 1, L_0x555555ab6b00, L_0x555555ab6360, C4<1>, C4<1>;
L_0x555555ab7690 .functor NOR 1, L_0x555555ab6480, L_0x555555ab42c0, C4<0>, C4<0>;
L_0x555555ab77a0 .functor NOT 1, L_0x555555ab6610, C4<0>, C4<0>, C4<0>;
L_0x555555ab7860 .functor AND 1, L_0x555555ab6680, L_0x555555ab6610, C4<1>, C4<1>;
L_0x555555ab7920 .functor NOR 1, L_0x555555ab66f0, L_0x555555ab4330, C4<0>, C4<0>;
L_0x555555ab8320 .functor NOT 1, L_0x555555ab67f0, C4<0>, C4<0>, C4<0>;
L_0x555555ab83e0 .functor AND 1, L_0x555555ab6860, L_0x555555ab67f0, C4<1>, C4<1>;
L_0x555555ab7ba0 .functor NOR 1, L_0x555555ab68d0, L_0x555555ab4430, C4<0>, C4<0>;
L_0x555555ab7cb0 .functor NOT 1, L_0x555555ab69d0, C4<0>, C4<0>, C4<0>;
L_0x555555ab7d70 .functor AND 1, L_0x555555ab6a40, L_0x555555ab69d0, C4<1>, C4<1>;
L_0x555555ab7e30 .functor NOR 1, L_0x555555ab7240, L_0x555555ab44a0, C4<0>, C4<0>;
L_0x555555ab7f40 .functor NOT 1, L_0x555555ab6b70, C4<0>, C4<0>, C4<0>;
L_0x555555ab8000 .functor AND 1, L_0x555555ab6be0, L_0x555555ab6b70, C4<1>, C4<1>;
L_0x555555ab80c0 .functor NOR 1, L_0x555555a112b0, L_0x555555ab6c50, C4<0>, C4<0>;
L_0x555555ab81d0 .functor NOT 1, L_0x555555ab6dd0, C4<0>, C4<0>, C4<0>;
L_0x555555ab8290 .functor AND 1, L_0x555555ab6e40, L_0x555555ab6dd0, C4<1>, C4<1>;
L_0x555555ab8c70 .functor NOR 1, L_0x555555a10a40, L_0x555555ab6eb0, C4<0>, C4<0>;
L_0x555555ab84a0 .functor NOT 1, L_0x555555ab6fb0, C4<0>, C4<0>, C4<0>;
L_0x555555ab8560 .functor AND 1, L_0x555555ab7020, L_0x555555ab6fb0, C4<1>, C4<1>;
L_0x555555ab8620 .functor NOR 1, L_0x555555a91490, L_0x555555ab7090, C4<0>, C4<0>;
L_0x555555ab8730 .functor NAND 1, L_0x555555ab7020, v0x555555aa5700_0, C4<1>, C4<1>;
L_0x555555ab87a0 .functor NAND 1, L_0x555555ab6e40, L_0x555555ab7020, v0x555555aa5700_0, C4<1>;
L_0x555555ab8930 .functor NAND 1, L_0x555555ab6be0, L_0x555555ab6e40, L_0x555555ab7020, v0x555555aa5700_0;
L_0x555555ab8a30 .functor NOT 1, L_0x555555ab7ae0, C4<0>, C4<0>, C4<0>;
L_0x555555ab8aa0 .functor AND 1, v0x555555aa52a0_0, L_0x555555ab7340, C4<1>, C4<1>;
L_0x555555ab8b10 .functor AND 1, v0x555555aa5340_0, L_0x555555ab7ae0, C4<1>, C4<1>;
L_0x555555ab8b80 .functor NOT 1, L_0x555555ab7510, C4<0>, C4<0>, C4<0>;
L_0x555555ab95b0 .functor AND 1, v0x555555aa52a0_0, L_0x555555ab75d0, C4<1>, C4<1>;
L_0x555555ab96b0 .functor AND 1, v0x555555aa5340_0, L_0x555555ab7510, C4<1>, C4<1>;
L_0x555555ab8d80 .functor NOT 1, L_0x555555ab77a0, C4<0>, C4<0>, C4<0>;
L_0x555555ab8df0 .functor AND 1, v0x555555aa52a0_0, L_0x555555ab7860, C4<1>, C4<1>;
L_0x555555ab8eb0 .functor AND 1, v0x555555aa5340_0, L_0x555555ab77a0, C4<1>, C4<1>;
L_0x555555ab8f20 .functor NOT 1, L_0x555555ab8320, C4<0>, C4<0>, C4<0>;
L_0x555555ab8fe0 .functor AND 1, v0x555555aa52a0_0, L_0x555555ab83e0, C4<1>, C4<1>;
L_0x555555ab90a0 .functor AND 1, v0x555555aa5340_0, L_0x555555ab8320, C4<1>, C4<1>;
L_0x555555ab9110 .functor NOT 1, L_0x555555ab7cb0, C4<0>, C4<0>, C4<0>;
L_0x555555ab91d0 .functor AND 1, v0x555555aa52a0_0, L_0x555555ab7d70, C4<1>, C4<1>;
L_0x555555ab9290 .functor AND 1, v0x555555aa5340_0, L_0x555555ab7cb0, C4<1>, C4<1>;
L_0x555555ab9300 .functor NOT 1, L_0x555555ab7f40, C4<0>, C4<0>, C4<0>;
L_0x555555ab93c0 .functor AND 1, v0x555555aa52a0_0, L_0x555555ab8000, C4<1>, C4<1>;
L_0x555555aba040 .functor AND 1, v0x555555aa5340_0, L_0x555555ab7f40, C4<1>, C4<1>;
L_0x555555ab97b0 .functor NOT 1, L_0x555555ab81d0, C4<0>, C4<0>, C4<0>;
L_0x555555ab9870 .functor AND 1, v0x555555aa52a0_0, L_0x555555ab8290, C4<1>, C4<1>;
L_0x555555ab9930 .functor AND 1, v0x555555aa5340_0, L_0x555555ab81d0, C4<1>, C4<1>;
L_0x555555ab99a0 .functor NOT 1, L_0x555555ab84a0, C4<0>, C4<0>, C4<0>;
L_0x555555ab9a60 .functor NOR 1, L_0x555555ab8560, v0x555555aa5700_0, C4<0>, C4<0>;
L_0x555555ab9b20 .functor AND 1, L_0x555555ab8560, v0x555555aa5700_0, C4<1>, C4<1>;
L_0x555555ab9b90 .functor AND 1, v0x555555aa52a0_0, L_0x555555ab8560, C4<1>, C4<1>;
L_0x555555ab9c00 .functor AND 1, v0x555555aa5340_0, L_0x555555ab84a0, C4<1>, C4<1>;
L_0x555555ab9c70 .functor NAND 1, L_0x555555ab6e40, L_0x555555ab84a0, C4<1>, C4<1>;
L_0x555555ab9ce0 .functor NAND 1, L_0x555555ab6be0, L_0x555555ab81d0, C4<1>, C4<1>;
L_0x555555ab9e70 .functor NAND 1, L_0x555555ab6be0, L_0x555555ab6e40, L_0x555555ab84a0, C4<1>;
L_0x555555ab9ee0 .functor NAND 1, L_0x555555ab6680, L_0x555555ab8320, C4<1>, C4<1>;
L_0x555555abaac0 .functor NAND 1, L_0x555555ab6b00, L_0x555555ab77a0, C4<1>, C4<1>;
L_0x555555ababc0 .functor NAND 1, L_0x555555ab6b00, L_0x555555ab6680, L_0x555555ab8320, C4<1>;
L_0x555555aba1c0 .functor BUF 1, L_0x555555ab7190, C4<0>, C4<0>, C4<0>;
L_0x555555aba230 .functor BUF 1, L_0x555555ab7a70, C4<0>, C4<0>, C4<0>;
L_0x555555aba2a0 .functor NOR 1, L_0x555555ab8aa0, L_0x555555ab8b10, C4<0>, C4<0>;
L_0x555555aba310 .functor NOR 1, L_0x555555ab95b0, L_0x555555ab96b0, C4<0>, C4<0>;
L_0x555555aba380 .functor NOR 1, L_0x555555ab8df0, L_0x555555ab8eb0, C4<0>, C4<0>;
L_0x555555aba3f0 .functor NOR 1, L_0x555555ab8fe0, L_0x555555ab90a0, C4<0>, C4<0>;
L_0x555555aba500 .functor NAND 1, L_0x555555ab9300, L_0x555555ab9ce0, L_0x555555ab9e70, L_0x555555ab8930;
L_0x555555aba6b0 .functor NOR 1, L_0x555555ab91d0, L_0x555555ab9290, C4<0>, C4<0>;
L_0x555555aba7c0 .functor NAND 1, L_0x555555ab97b0, L_0x555555ab9c70, L_0x555555ab87a0, C4<1>;
L_0x555555aba920 .functor NOR 1, L_0x555555ab93c0, L_0x555555aba040, C4<0>, C4<0>;
L_0x555555abaa30 .functor NAND 1, L_0x555555ab99a0, L_0x555555ab8730, C4<1>, C4<1>;
L_0x555555abb700 .functor NOR 1, L_0x555555ab9870, L_0x555555ab9930, C4<0>, C4<0>;
L_0x555555abad50 .functor NOR 1, L_0x555555ab9a60, L_0x555555ab9b20, C4<0>, C4<0>;
L_0x555555abae60 .functor NOR 1, L_0x555555ab9b90, L_0x555555ab9c00, C4<0>, C4<0>;
L_0x555555abaf70 .functor NOR 1, L_0x555555ab7d70, L_0x555555aba500, C4<0>, C4<0>;
L_0x555555abb030 .functor AND 1, L_0x555555ab7d70, L_0x555555aba500, C4<1>, C4<1>;
L_0x555555abb130 .functor NOR 1, L_0x555555ab8000, L_0x555555aba7c0, C4<0>, C4<0>;
L_0x555555abb1a0 .functor AND 1, L_0x555555ab8000, L_0x555555aba7c0, C4<1>, C4<1>;
L_0x555555abb2a0 .functor NOR 1, L_0x555555ab8290, L_0x555555abaa30, C4<0>, C4<0>;
L_0x555555abb310 .functor AND 1, L_0x555555ab8290, L_0x555555abaa30, C4<1>, C4<1>;
L_0x555555abb410 .functor AND 1, v0x555555aa5200_0, L_0x555555abad50, C4<1>, C4<1>;
L_0x555555abb480 .functor NAND 1, L_0x555555ab6a40, L_0x555555aba500, C4<1>, C4<1>;
L_0x555555abb580 .functor NAND 1, L_0x555555abb480, L_0x555555ab9110, C4<1>, C4<1>;
L_0x555555abb640 .functor NOR 1, L_0x555555abaf70, L_0x555555abb030, C4<0>, C4<0>;
L_0x555555abb810 .functor NOR 1, L_0x555555abb130, L_0x555555abb1a0, C4<0>, C4<0>;
L_0x555555abb920 .functor NOR 1, L_0x555555abb2a0, L_0x555555abb310, C4<0>, C4<0>;
L_0x555555abba30 .functor NOR 1, L_0x555555a10600, L_0x555555abb410, C4<0>, C4<0>;
L_0x555555abbb40 .functor NOR 1, L_0x555555ab83e0, L_0x555555abb580, C4<0>, C4<0>;
L_0x555555abbc00 .functor AND 1, L_0x555555ab83e0, L_0x555555abb580, C4<1>, C4<1>;
L_0x555555abbd00 .functor AND 1, v0x555555aa5200_0, L_0x555555abb640, C4<1>, C4<1>;
L_0x555555abbe00 .functor AND 1, v0x555555aa5200_0, L_0x555555abb810, C4<1>, C4<1>;
L_0x555555abbe70 .functor AND 1, v0x555555aa5200_0, L_0x555555abb920, C4<1>, C4<1>;
L_0x555555abbf30 .functor NAND 1, L_0x555555abba30, L_0x555555abae60, L_0x555555ab8620, L_0x555555ab4700;
L_0x555555abc0e0 .functor NAND 1, L_0x555555ab6860, L_0x555555abb580, C4<1>, C4<1>;
L_0x555555abc150 .functor NAND 1, L_0x555555ab6680, L_0x555555ab6860, L_0x555555abb580, C4<1>;
L_0x555555abc300 .functor NAND 1, L_0x555555ab6b00, L_0x555555ab6680, L_0x555555ab6860, L_0x555555abb580;
L_0x555555abc370 .functor NAND 1, L_0x555555ab8b80, L_0x555555abaac0, L_0x555555ababc0, L_0x555555abc300;
L_0x555555abc480 .functor NAND 1, L_0x555555ab8d80, L_0x555555ab9ee0, L_0x555555abc150, C4<1>;
L_0x555555abc5e0 .functor NAND 1, L_0x555555ab8f20, L_0x555555abc0e0, C4<1>, C4<1>;
L_0x555555abc6f0 .functor NOR 1, L_0x555555abbb40, L_0x555555abbc00, C4<0>, C4<0>;
L_0x555555abc800 .functor NOR 1, L_0x555555a11b30, L_0x555555abbd00, C4<0>, C4<0>;
L_0x555555abc910 .functor NOR 1, L_0x555555a116f0, L_0x555555abbe00, C4<0>, C4<0>;
L_0x555555abca20 .functor NOR 1, L_0x555555a10e60, L_0x555555abbe70, C4<0>, C4<0>;
L_0x555555abcb30 .functor NOT 1, L_0x555555abbf30, C4<0>, C4<0>, C4<0>;
L_0x555555abcbf0 .functor NOR 1, L_0x555555ab7340, L_0x555555abc370, C4<0>, C4<0>;
L_0x555555abd7d0 .functor AND 1, L_0x555555ab7340, L_0x555555abc370, C4<1>, C4<1>;
L_0x555555abcd10 .functor NOR 1, L_0x555555ab75d0, L_0x555555abc480, C4<0>, C4<0>;
L_0x555555abcd80 .functor AND 1, L_0x555555ab75d0, L_0x555555abc480, C4<1>, C4<1>;
L_0x555555abce80 .functor NOR 1, L_0x555555ab7860, L_0x555555abc5e0, C4<0>, C4<0>;
L_0x555555abcef0 .functor AND 1, L_0x555555ab7860, L_0x555555abc5e0, C4<1>, C4<1>;
L_0x555555abcff0 .functor AND 1, v0x555555aa5200_0, L_0x555555abc6f0, C4<1>, C4<1>;
L_0x555555abd060 .functor NAND 1, L_0x555555abc800, L_0x555555aba6b0, L_0x555555ab7e30, C4<1>;
L_0x555555abd1c0 .functor NAND 1, L_0x555555abc910, L_0x555555aba920, L_0x555555ab80c0, L_0x555555ab4510;
L_0x555555abd370 .functor NAND 1, L_0x555555abca20, L_0x555555abb700, L_0x555555ab8c70, L_0x555555ab4580;
L_0x555555abd520 .functor NOT 1, L_0x555555abcb30, C4<0>, C4<0>, C4<0>;
L_0x555555abd5e0 .functor NAND 1, L_0x555555abc370, L_0x555555ab6280, C4<1>, C4<1>;
L_0x555555abd6e0 .functor NOR 1, L_0x555555abcbf0, L_0x555555abd7d0, C4<0>, C4<0>;
L_0x555555abe3f0 .functor NOR 1, L_0x555555abcd10, L_0x555555abcd80, C4<0>, C4<0>;
L_0x555555abd8d0 .functor NOR 1, L_0x555555abce80, L_0x555555abcef0, C4<0>, C4<0>;
L_0x555555abd9e0 .functor NOR 1, L_0x555555a12f50, L_0x555555abcff0, C4<0>, C4<0>;
L_0x555555abdaf0 .functor NOT 1, L_0x555555abd060, C4<0>, C4<0>, C4<0>;
L_0x555555abdbb0 .functor NOT 1, L_0x555555abd1c0, C4<0>, C4<0>, C4<0>;
L_0x555555abdc70 .functor NOT 1, L_0x555555abd370, C4<0>, C4<0>, C4<0>;
L_0x555555abdd30 .functor AND 1, L_0x555555ab8a30, L_0x555555abd5e0, C4<1>, C4<1>;
L_0x555555abde40 .functor BUF 1, L_0x555555abd520, C4<0>, C4<0>, C4<0>;
L_0x555555abdf00 .functor AND 1, v0x555555aa5200_0, L_0x555555abd6e0, C4<1>, C4<1>;
L_0x555555abe0d0 .functor AND 1, v0x555555aa5200_0, L_0x555555abe3f0, C4<1>, C4<1>;
L_0x555555abe190 .functor AND 1, v0x555555aa5200_0, L_0x555555abd8d0, C4<1>, C4<1>;
L_0x555555abe250 .functor NAND 1, L_0x555555abd9e0, L_0x555555aba3f0, L_0x555555ab7ba0, C4<1>;
L_0x555555abf080 .functor NOT 1, L_0x555555abdaf0, C4<0>, C4<0>, C4<0>;
L_0x555555abe500 .functor NOT 1, L_0x555555abdbb0, C4<0>, C4<0>, C4<0>;
L_0x555555abe5c0 .functor NOT 1, L_0x555555abdc70, C4<0>, C4<0>, C4<0>;
L_0x555555abe680 .functor NOT 1, L_0x555555abdd30, C4<0>, C4<0>, C4<0>;
L_0x555555abe740 .functor NOR 1, L_0x555555aae030, L_0x555555abdf00, C4<0>, C4<0>;
L_0x555555abe850 .functor NOR 1, L_0x555555a14810, L_0x555555abe0d0, C4<0>, C4<0>;
L_0x555555abe960 .functor NOR 1, L_0x555555a13bb0, L_0x555555abe190, C4<0>, C4<0>;
L_0x555555abea70 .functor NOT 1, L_0x555555abe250, C4<0>, C4<0>, C4<0>;
L_0x555555abeb30 .functor BUF 1, L_0x555555abf080, C4<0>, C4<0>, C4<0>;
L_0x555555abebf0 .functor BUF 1, L_0x555555abe500, C4<0>, C4<0>, C4<0>;
L_0x555555abecb0 .functor BUF 1, L_0x555555abe5c0, C4<0>, C4<0>, C4<0>;
L_0x555555abed70 .functor BUF 1, L_0x555555abe680, C4<0>, C4<0>, C4<0>;
L_0x555555abee30 .functor NAND 1, L_0x555555abe740, L_0x555555aba2a0, L_0x555555ab7400, C4<1>;
L_0x555555abef90 .functor NAND 1, L_0x555555abe850, L_0x555555aba310, L_0x555555ab7690, C4<1>;
L_0x555555abfdd0 .functor NAND 1, L_0x555555abe960, L_0x555555aba380, L_0x555555ab7920, C4<1>;
L_0x555555abf140 .functor NOT 1, L_0x555555abea70, C4<0>, C4<0>, C4<0>;
L_0x555555abf200 .functor NOT 1, L_0x555555abee30, C4<0>, C4<0>, C4<0>;
L_0x555555abf2c0 .functor NOT 1, L_0x555555abef90, C4<0>, C4<0>, C4<0>;
L_0x555555abf380 .functor NOT 1, L_0x555555abfdd0, C4<0>, C4<0>, C4<0>;
L_0x555555abf440 .functor BUF 1, L_0x555555abf140, C4<0>, C4<0>, C4<0>;
L_0x555555abf500 .functor NOT 1, L_0x555555abf200, C4<0>, C4<0>, C4<0>;
L_0x555555abf5c0 .functor NOT 1, L_0x555555abf2c0, C4<0>, C4<0>, C4<0>;
L_0x555555abf680 .functor NOT 1, L_0x555555abf380, C4<0>, C4<0>, C4<0>;
L_0x555555abf740 .functor BUF 1, L_0x555555abf500, C4<0>, C4<0>, C4<0>;
L_0x555555abf800 .functor BUF 1, L_0x555555abf5c0, C4<0>, C4<0>, C4<0>;
L_0x555555abf8c0 .functor BUF 1, L_0x555555abf680, C4<0>, C4<0>, C4<0>;
v0x555555a75ef0_0 .net "N1", 0 0, v0x555555aa4080_0;  alias, 1 drivers
v0x555555a75f90_0 .net "N101", 0 0, v0x555555aa4120_0;  alias, 1 drivers
v0x555555a75730_0 .net "N106", 0 0, v0x555555aa41c0_0;  alias, 1 drivers
v0x555555a757d0_0 .net "N111", 0 0, v0x555555aa4260_0;  alias, 1 drivers
v0x555555a74f70_0 .net "N116", 0 0, v0x555555aa4300_0;  alias, 1 drivers
v0x555555a75060_0 .net "N121", 0 0, v0x555555aa43a0_0;  alias, 1 drivers
v0x555555a747b0_0 .net "N126", 0 0, v0x555555aa4440_0;  alias, 1 drivers
v0x555555a74850_0 .net "N13", 0 0, v0x555555aa44e0_0;  alias, 1 drivers
v0x555555a73ff0_0 .net "N130", 0 0, v0x555555aa4580_0;  alias, 1 drivers
v0x555555a740c0_0 .net "N135", 0 0, v0x555555aa4620_0;  alias, 1 drivers
v0x555555a73830_0 .net "N138", 0 0, v0x555555aa46c0_0;  alias, 1 drivers
v0x555555a73900_0 .net "N143", 0 0, v0x555555aa4760_0;  alias, 1 drivers
v0x555555a727c0_0 .net "N146", 0 0, v0x555555aa4800_0;  alias, 1 drivers
v0x555555a72890_0 .net "N149", 0 0, v0x555555aa48a0_0;  alias, 1 drivers
v0x555555a71bc0_0 .net "N152", 0 0, v0x555555aa4940_0;  alias, 1 drivers
v0x555555a71c90_0 .net "N153", 0 0, v0x555555aa49e0_0;  alias, 1 drivers
v0x555555a70fc0_0 .net "N156", 0 0, v0x555555aa4a80_0;  alias, 1 drivers
v0x555555a71090_0 .net "N159", 0 0, v0x555555aa4b20_0;  alias, 1 drivers
v0x555555a70800_0 .net "N165", 0 0, v0x555555aa4bc0_0;  alias, 1 drivers
v0x555555a708d0_0 .net "N17", 0 0, v0x555555aa4c60_0;  alias, 1 drivers
v0x555555a70040_0 .net "N171", 0 0, v0x555555aa4d00_0;  alias, 1 drivers
v0x555555a70110_0 .net "N177", 0 0, v0x555555aa4da0_0;  alias, 1 drivers
v0x555555a6f880_0 .net "N183", 0 0, v0x555555aa4e40_0;  alias, 1 drivers
v0x555555a6f950_0 .net "N189", 0 0, v0x555555aa4ee0_0;  alias, 1 drivers
v0x555555a6f0c0_0 .net "N195", 0 0, v0x555555aa4f80_0;  alias, 1 drivers
v0x555555a6f190_0 .net "N201", 0 0, v0x555555aa5020_0;  alias, 1 drivers
v0x555555a6e900_0 .net "N207", 0 0, v0x555555aa50c0_0;  alias, 1 drivers
v0x555555a6e9d0_0 .net "N210", 0 0, v0x555555aa5160_0;  alias, 1 drivers
v0x555555a6e140_0 .net "N219", 0 0, v0x555555aa5200_0;  alias, 1 drivers
v0x555555a6e210_0 .net "N228", 0 0, v0x555555aa52a0_0;  alias, 1 drivers
v0x555555a6d590_0 .net "N237", 0 0, v0x555555aa5340_0;  alias, 1 drivers
v0x555555a6d660_0 .net "N246", 0 0, v0x555555aa53e0_0;  alias, 1 drivers
v0x555555a6cdd0_0 .net "N255", 0 0, v0x555555aa5480_0;  alias, 1 drivers
v0x555555a6cea0_0 .net "N259", 0 0, v0x555555aa5520_0;  alias, 1 drivers
v0x555555a6be30_0 .net "N26", 0 0, v0x555555aa55c0_0;  alias, 1 drivers
v0x555555a6bf00_0 .net "N260", 0 0, v0x555555aa5660_0;  alias, 1 drivers
v0x555555a6b670_0 .net "N261", 0 0, v0x555555aa5700_0;  alias, 1 drivers
v0x555555a6b740_0 .net "N267", 0 0, v0x555555aa57a0_0;  alias, 1 drivers
v0x555555a6aeb0_0 .net "N268", 0 0, v0x555555aa5840_0;  alias, 1 drivers
v0x555555a6af80_0 .net "N269", 0 0, L_0x555555837150;  1 drivers
v0x555555a6a6f0_0 .net "N270", 0 0, L_0x555555a27180;  1 drivers
v0x555555a6a790_0 .net "N273", 0 0, L_0x555555a26d90;  1 drivers
v0x555555a69830_0 .net "N276", 0 0, L_0x555555a26970;  1 drivers
v0x555555a698d0_0 .net "N279", 0 0, L_0x555555a265a0;  1 drivers
v0x555555a68c80_0 .net "N280", 0 0, L_0x555555a259f0;  1 drivers
v0x555555a68d20_0 .net "N284", 0 0, L_0x555555a255d0;  1 drivers
v0x555555a684c0_0 .net "N285", 0 0, L_0x555555a25200;  1 drivers
v0x555555a68560_0 .net "N286", 0 0, L_0x555555a24620;  1 drivers
v0x555555a67d00_0 .net "N287", 0 0, L_0x555555a24250;  1 drivers
v0x555555a67da0_0 .net "N29", 0 0, v0x555555aa58e0_0;  alias, 1 drivers
v0x555555a67150_0 .net "N290", 0 0, L_0x555555a23ab0;  1 drivers
v0x555555a671f0_0 .net "N291", 0 0, L_0x555555a23690;  1 drivers
v0x555555a66990_0 .net "N292", 0 0, L_0x555555a23270;  1 drivers
v0x555555a66a30_0 .net "N293", 0 0, L_0x555555a22ea0;  1 drivers
v0x555555a65510_0 .net "N294", 0 0, L_0x555555a22ab0;  1 drivers
v0x555555a655b0_0 .net "N295", 0 0, L_0x555555a1f260;  1 drivers
v0x555555a5f2f0_0 .net "N296", 0 0, L_0x555555a045b0;  1 drivers
v0x555555a5f390_0 .net "N297", 0 0, L_0x555555a1cf40;  1 drivers
v0x555555a5e350_0 .net "N298", 0 0, L_0x555555a1c330;  1 drivers
v0x555555a5e3f0_0 .net "N301", 0 0, L_0x555555a1bf60;  1 drivers
v0x555555a5d7a0_0 .net "N302", 0 0, L_0x555555a1bb90;  1 drivers
v0x555555a5d840_0 .net "N303", 0 0, L_0x555555a1b7c0;  1 drivers
v0x555555a5cfb0_0 .net "N304", 0 0, L_0x555555a1b3d0;  1 drivers
v0x555555a5d050_0 .net "N305", 0 0, L_0x555555a1af90;  1 drivers
v0x555555a5bfe0_0 .net "N306", 0 0, L_0x555555a1a3b0;  1 drivers
v0x555555a5c080_0 .net "N307", 0 0, L_0x555555a19fe0;  1 drivers
v0x555555a5b010_0 .net "N308", 0 0, L_0x555555a19c10;  1 drivers
v0x555555a5b0d0_0 .net "N309", 0 0, L_0x555555a19820;  1 drivers
v0x555555a5a040_0 .net "N310", 0 0, L_0x555555a19400;  1 drivers
v0x555555a5a0e0_0 .net "N316", 0 0, L_0x555555a19030;  1 drivers
v0x555555a59070_0 .net "N317", 0 0, L_0x555555a18c10;  1 drivers
v0x555555a59130_0 .net "N318", 0 0, L_0x555555a03d50;  1 drivers
v0x555555a580a0_0 .net "N319", 0 0, L_0x555555a187d0;  1 drivers
v0x555555a58140_0 .net "N322", 0 0, L_0x555555a18360;  1 drivers
v0x555555a570d0_0 .net "N323", 0 0, L_0x555555a17f20;  1 drivers
v0x555555a57190_0 .net "N324", 0 0, L_0x555555a17a80;  1 drivers
v0x555555a56100_0 .net "N325", 0 0, L_0x555555a17640;  1 drivers
v0x555555a561a0_0 .net "N326", 0 0, L_0x555555a17200;  1 drivers
v0x555555a55130_0 .net "N327", 0 0, L_0x555555a16dc0;  1 drivers
v0x555555a551f0_0 .net "N328", 0 0, L_0x555555a16980;  1 drivers
v0x555555a54970_0 .net "N329", 0 0, L_0x555555a16510;  1 drivers
v0x555555a54a10_0 .net "N330", 0 0, L_0x555555a160d0;  1 drivers
v0x555555a53930_0 .net "N331", 0 0, L_0x555555a15470;  1 drivers
v0x555555a539f0_0 .net "N332", 0 0, L_0x555555a14810;  1 drivers
v0x555555a528f0_0 .net "N333", 0 0, L_0x555555a13bb0;  1 drivers
v0x555555a52990_0 .net "N334", 0 0, L_0x555555a12f50;  1 drivers
v0x555555a518b0_0 .net "N335", 0 0, L_0x555555a11b30;  1 drivers
v0x555555a51970_0 .net "N336", 0 0, L_0x555555a116f0;  1 drivers
v0x555555a50870_0 .net "N337", 0 0, L_0x555555a112b0;  1 drivers
v0x555555a50910_0 .net "N338", 0 0, L_0x555555a10e60;  1 drivers
v0x555555a4f830_0 .net "N339", 0 0, L_0x555555a10a40;  1 drivers
v0x555555a4f8f0_0 .net "N340", 0 0, L_0x555555a10600;  1 drivers
v0x555555a4e7f0_0 .net "N341", 0 0, L_0x555555a91490;  1 drivers
v0x555555a4e890_0 .net "N342", 0 0, L_0x555555a910c0;  1 drivers
v0x555555a4d7b0_0 .net "N343", 0 0, L_0x555555a90cf0;  1 drivers
v0x555555a4d870_0 .net "N344", 0 0, L_0x555555a905a0;  1 drivers
v0x555555a4c740_0 .net "N345", 0 0, L_0x555555a901d0;  1 drivers
v0x555555a4c7e0_0 .net "N346", 0 0, L_0x555555a8fe00;  1 drivers
v0x555555a02630_0 .net "N347", 0 0, L_0x555555a8fa30;  1 drivers
v0x555555a026f0_0 .net "N348", 0 0, L_0x555555a8c550;  1 drivers
v0x555555a4ab20_0 .net "N349", 0 0, L_0x555555a8aa40;  1 drivers
v0x555555a4abc0_0 .net "N350", 0 0, L_0x555555a8a670;  1 drivers
v0x555555a4a360_0 .net "N351", 0 0, L_0x555555a0f9a0;  1 drivers
v0x555555a4a420_0 .net "N352", 0 0, L_0x555555a8a2a0;  1 drivers
v0x555555a49ba0_0 .net "N353", 0 0, L_0x555555a89ed0;  1 drivers
v0x555555a49c40_0 .net "N354", 0 0, L_0x555555a88f30;  1 drivers
v0x555555a493e0_0 .net "N355", 0 0, L_0x555555a88af0;  1 drivers
v0x555555a494a0_0 .net "N356", 0 0, L_0x555555a886b0;  1 drivers
v0x555555a48c20_0 .net "N357", 0 0, L_0x555555a87ef0;  1 drivers
v0x555555a48cc0_0 .net "N36", 0 0, v0x555555aa5980_0;  alias, 1 drivers
v0x555555a48460_0 .net "N360", 0 0, L_0x555555a87ad0;  1 drivers
v0x555555a48500_0 .net "N363", 0 0, L_0x555555a87700;  1 drivers
v0x555555a47ca0_0 .net "N366", 0 0, L_0x555555a87330;  1 drivers
v0x555555a47d60_0 .net "N369", 0 0, L_0x555555a848a0;  1 drivers
v0x555555a08820_0 .net "N375", 0 0, L_0x555555a0ed40;  1 drivers
v0x555555a088e0_0 .net "N376", 0 0, L_0x555555a819c0;  1 drivers
v0x555555a474e0_0 .net "N379", 0 0, L_0x555555a81580;  1 drivers
v0x555555a47580_0 .net "N382", 0 0, L_0x555555a80980;  1 drivers
v0x555555a46140_0 .net "N385", 0 0, L_0x5555558f8960;  1 drivers
v0x555555a46200_0 .net "N388", 0 0, L_0x5555558f8660;  alias, 1 drivers
v0x555555a45980_0 .net "N389", 0 0, L_0x5555558f8060;  alias, 1 drivers
v0x555555a45a20_0 .net "N390", 0 0, L_0x555555aab050;  alias, 1 drivers
v0x555555a451c0_0 .net "N391", 0 0, L_0x555555aab110;  alias, 1 drivers
v0x555555a45280_0 .net "N392", 0 0, L_0x555555aab470;  1 drivers
v0x555555a44a00_0 .net "N393", 0 0, L_0x555555aab530;  1 drivers
v0x555555a44aa0_0 .net "N399", 0 0, L_0x555555aab8a0;  1 drivers
v0x555555a44240_0 .net "N400", 0 0, L_0x555555aab960;  1 drivers
v0x555555a44300_0 .net "N401", 0 0, L_0x555555aabce0;  1 drivers
v0x555555a43a80_0 .net "N402", 0 0, L_0x555555aabda0;  1 drivers
v0x555555a43b20_0 .net "N403", 0 0, L_0x555555aac130;  1 drivers
v0x555555a432c0_0 .net "N404", 0 0, L_0x555555aac1f0;  1 drivers
v0x555555a43380_0 .net "N405", 0 0, L_0x555555aac590;  1 drivers
v0x555555a42b00_0 .net "N406", 0 0, L_0x555555aac650;  1 drivers
v0x555555a42ba0_0 .net "N407", 0 0, L_0x555555aac9b0;  1 drivers
v0x555555a42340_0 .net "N408", 0 0, L_0x555555aaca70;  1 drivers
v0x555555a42400_0 .net "N409", 0 0, L_0x555555aace30;  1 drivers
v0x555555a41b80_0 .net "N410", 0 0, L_0x555555aacea0;  1 drivers
v0x555555a41c20_0 .net "N411", 0 0, L_0x555555aad2c0;  1 drivers
v0x555555a413c0_0 .net "N412", 0 0, L_0x555555aad380;  1 drivers
v0x555555a41480_0 .net "N413", 0 0, L_0x555555aad760;  1 drivers
v0x555555a40c00_0 .net "N414", 0 0, L_0x555555aad7d0;  1 drivers
v0x555555a40ca0_0 .net "N415", 0 0, L_0x555555aadbc0;  1 drivers
v0x555555a40440_0 .net "N416", 0 0, L_0x555555aadc80;  1 drivers
v0x555555a40500_0 .net "N417", 0 0, L_0x555555aae030;  1 drivers
v0x555555a07c40_0 .net "N418", 0 0, L_0x555555aae0f0;  alias, 1 drivers
v0x555555a07ce0_0 .net "N419", 0 0, L_0x555555aae500;  alias, 1 drivers
v0x555555a3fc80_0 .net "N42", 0 0, v0x555555aa5a20_0;  alias, 1 drivers
v0x555555a3fd50_0 .net "N420", 0 0, L_0x555555aae5c0;  alias, 1 drivers
v0x555555a3f4c0_0 .net "N421", 0 0, L_0x555555aae9e0;  alias, 1 drivers
v0x555555a3f580_0 .net "N422", 0 0, L_0x555555aaeaa0;  alias, 1 drivers
v0x555555a3d380_0 .net "N423", 0 0, L_0x555555aaeed0;  alias, 1 drivers
v0x555555a3d440_0 .net "N424", 0 0, L_0x555555aaef90;  1 drivers
v0x555555a3c750_0 .net "N425", 0 0, L_0x555555aaf3d0;  1 drivers
v0x555555a3c7f0_0 .net "N426", 0 0, L_0x555555aaf4e0;  1 drivers
v0x555555a07480_0 .net "N427", 0 0, L_0x555555aaf980;  1 drivers
v0x555555a07540_0 .net "N432", 0 0, L_0x555555aafb20;  1 drivers
v0x555555a39d90_0 .net "N437", 0 0, L_0x555555aaff30;  1 drivers
v0x555555a39e30_0 .net "N442", 0 0, L_0x555555ab0030;  1 drivers
v0x555555a39190_0 .net "N443", 0 0, L_0x555555ab04e0;  1 drivers
v0x555555a39250_0 .net "N444", 0 0, L_0x555555ab0550;  1 drivers
v0x555555a38590_0 .net "N445", 0 0, L_0x555555ab09d0;  1 drivers
v0x555555a38630_0 .net "N446", 0 0, L_0x555555ab0ae0;  alias, 1 drivers
v0x555555a37990_0 .net "N447", 0 0, L_0x555555ab0f70;  alias, 1 drivers
v0x555555a37a50_0 .net "N448", 0 0, L_0x555555ab1030;  alias, 1 drivers
v0x555555a36950_0 .net "N449", 0 0, L_0x555555ab14d0;  alias, 1 drivers
v0x555555a369f0_0 .net "N450", 0 0, L_0x555555ab1590;  alias, 1 drivers
v0x555555a35d20_0 .net "N451", 0 0, L_0x555555ab1a40;  1 drivers
v0x555555a35de0_0 .net "N460", 0 0, L_0x555555ab1b00;  1 drivers
v0x555555a35530_0 .net "N463", 0 0, L_0x5555558f2400;  1 drivers
v0x555555a355d0_0 .net "N466", 0 0, L_0x555555a23e80;  1 drivers
v0x555555a34d70_0 .net "N475", 0 0, L_0x555555ab2470;  1 drivers
v0x555555a34e30_0 .net "N476", 0 0, L_0x555555ab2530;  1 drivers
v0x555555a334b0_0 .net "N477", 0 0, L_0x555555ab2a10;  1 drivers
v0x555555a33550_0 .net "N478", 0 0, L_0x555555ab2a80;  1 drivers
v0x555555a06450_0 .net "N479", 0 0, L_0x555555ab25f0;  1 drivers
v0x555555a06510_0 .net "N480", 0 0, L_0x555555ab26f0;  1 drivers
v0x555555a30a30_0 .net "N481", 0 0, L_0x555555ab27f0;  1 drivers
v0x555555a30ad0_0 .net "N482", 0 0, L_0x555555ab2860;  1 drivers
v0x555555a30270_0 .net "N483", 0 0, L_0x555555ab28d0;  1 drivers
v0x555555a30330_0 .net "N488", 0 0, L_0x555555ab2940;  1 drivers
v0x555555a2fab0_0 .net "N489", 0 0, L_0x555555ab2b80;  1 drivers
v0x555555a2fb50_0 .net "N490", 0 0, L_0x555555ab2bf0;  1 drivers
v0x555555a2d520_0 .net "N491", 0 0, L_0x555555ab2cf0;  1 drivers
v0x555555a2d5e0_0 .net "N492", 0 0, L_0x555555ab2d60;  1 drivers
v0x555555a2c970_0 .net "N495", 0 0, L_0x555555ab2dd0;  1 drivers
v0x555555a2ca10_0 .net "N498", 0 0, L_0x555555ab2e90;  1 drivers
v0x555555a2b9d0_0 .net "N499", 0 0, L_0x555555ab2f50;  1 drivers
v0x555555a2ba90_0 .net "N500", 0 0, L_0x555555ab3600;  1 drivers
v0x555555a05480_0 .net "N501", 0 0, L_0x555555ab30e0;  1 drivers
v0x555555a05520_0 .net "N502", 0 0, L_0x555555ab31e0;  1 drivers
v0x555555a26070_0 .net "N503", 0 0, L_0x555555ab3250;  1 drivers
v0x555555a26130_0 .net "N504", 0 0, L_0x555555ab3360;  1 drivers
v0x555555a217c0_0 .net "N505", 0 0, L_0x555555ab33d0;  1 drivers
v0x555555a21860_0 .net "N506", 0 0, L_0x555555ab34e0;  1 drivers
v0x555555a21000_0 .net "N507", 0 0, L_0x555555ab3670;  1 drivers
v0x555555a210c0_0 .net "N508", 0 0, L_0x555555ab3730;  1 drivers
v0x555555a20840_0 .net "N509", 0 0, L_0x555555ab37a0;  1 drivers
v0x555555a208e0_0 .net "N51", 0 0, v0x555555aa5ac0_0;  alias, 1 drivers
v0x555555a20080_0 .net "N510", 0 0, L_0x555555ab38b0;  1 drivers
v0x555555a20120_0 .net "N511", 0 0, L_0x555555ab39b0;  1 drivers
v0x555555a1f8c0_0 .net "N512", 0 0, L_0x555555ab3a20;  1 drivers
v0x555555a1f980_0 .net "N513", 0 0, L_0x555555ab40c0;  1 drivers
v0x555555a1ed30_0 .net "N514", 0 0, L_0x555555ab4130;  1 drivers
v0x555555a1edf0_0 .net "N515", 0 0, L_0x555555ab3bc0;  1 drivers
v0x555555a1e570_0 .net "N516", 0 0, L_0x555555ab3d40;  1 drivers
v0x555555a1e610_0 .net "N517", 0 0, L_0x555555ab3db0;  1 drivers
v0x555555a1ddb0_0 .net "N518", 0 0, L_0x555555ab3e20;  1 drivers
v0x555555a1de70_0 .net "N519", 0 0, L_0x555555ab3e90;  1 drivers
v0x555555a1d5f0_0 .net "N520", 0 0, L_0x555555ab3f00;  1 drivers
v0x555555a1d690_0 .net "N521", 0 0, L_0x555555ab3f70;  1 drivers
v0x555555a1c9c0_0 .net "N522", 0 0, L_0x555555ab4800;  1 drivers
v0x555555a1ca80_0 .net "N523", 0 0, L_0x555555ab42c0;  1 drivers
v0x555555a1aa10_0 .net "N524", 0 0, L_0x555555ab4330;  1 drivers
v0x555555a1aab0_0 .net "N525", 0 0, L_0x555555ab4430;  1 drivers
v0x555555a15b50_0 .net "N526", 0 0, L_0x555555ab44a0;  1 drivers
v0x555555a15c10_0 .net "N527", 0 0, L_0x555555ab4510;  1 drivers
v0x555555a14ef0_0 .net "N528", 0 0, L_0x555555ab4580;  1 drivers
v0x555555a14f90_0 .net "N529", 0 0, L_0x555555ab4700;  1 drivers
v0x555555a14290_0 .net "N530", 0 0, L_0x555555ab4770;  1 drivers
v0x555555a14350_0 .net "N533", 0 0, L_0x555555ab4e00;  1 drivers
v0x555555a13630_0 .net "N536", 0 0, L_0x555555ab4e70;  1 drivers
v0x555555a136d0_0 .net "N537", 0 0, L_0x555555ab4870;  1 drivers
v0x555555a033c0_0 .net "N538", 0 0, L_0x555555ab4980;  1 drivers
v0x555555a03480_0 .net "N539", 0 0, L_0x555555ab4a90;  1 drivers
v0x555555a129d0_0 .net "N540", 0 0, L_0x555555ab4ba0;  1 drivers
v0x555555a12a70_0 .net "N541", 0 0, L_0x555555ab4cb0;  1 drivers
v0x555555a12210_0 .net "N542", 0 0, L_0x555555ab54f0;  1 drivers
v0x555555a122d0_0 .net "N543", 0 0, L_0x555555ab4f30;  1 drivers
v0x555555a8f500_0 .net "N544", 0 0, L_0x555555ab5040;  1 drivers
v0x555555a8f5a0_0 .net "N547", 0 0, L_0x555555ab5150;  1 drivers
v0x555555a10080_0 .net "N55", 0 0, v0x555555aa5b60_0;  alias, 1 drivers
v0x555555a10150_0 .net "N550", 0 0, L_0x555555ab5260;  1 drivers
v0x555555a8e950_0 .net "N551", 0 0, L_0x555555ab5320;  1 drivers
v0x555555a8ea10_0 .net "N552", 0 0, L_0x555555ab53e0;  1 drivers
v0x555555a8dda0_0 .net "N553", 0 0, L_0x555555ab5450;  1 drivers
v0x555555a8de60_0 .net "N557", 0 0, L_0x555555ab5ca0;  1 drivers
v0x555555a8c020_0 .net "N561", 0 0, L_0x555555ab5600;  1 drivers
v0x555555a8c0c0_0 .net "N565", 0 0, L_0x555555ab5710;  1 drivers
v0x555555a8b860_0 .net "N569", 0 0, L_0x555555ab5820;  1 drivers
v0x555555a8b920_0 .net "N573", 0 0, L_0x555555ab5930;  1 drivers
v0x555555a8b0a0_0 .net "N577", 0 0, L_0x555555ab5a40;  1 drivers
v0x555555a8b140_0 .net "N581", 0 0, L_0x555555ab5b50;  1 drivers
v0x555555a899a0_0 .net "N585", 0 0, L_0x555555ab5db0;  1 drivers
v0x555555a89a60_0 .net "N586", 0 0, L_0x555555ab5e70;  1 drivers
v0x555555a0f420_0 .net "N587", 0 0, L_0x555555ab5f30;  1 drivers
v0x555555a0f4c0_0 .net "N588", 0 0, L_0x555555ab5fa0;  1 drivers
v0x555555a86e00_0 .net "N589", 0 0, L_0x555555ab60b0;  1 drivers
v0x555555a86ec0_0 .net "N59", 0 0, v0x555555aa5c00_0;  alias, 1 drivers
v0x555555a86640_0 .net "N590", 0 0, L_0x555555ab61c0;  1 drivers
v0x555555a866e0_0 .net "N593", 0 0, L_0x555555ab6280;  1 drivers
v0x555555a85e80_0 .net "N596", 0 0, L_0x555555ab62f0;  1 drivers
v0x555555a85f40_0 .net "N597", 0 0, L_0x555555ab6360;  1 drivers
v0x555555a856c0_0 .net "N600", 0 0, L_0x555555ab6b00;  1 drivers
v0x555555a85760_0 .net "N605", 0 0, L_0x555555ab6480;  1 drivers
v0x555555a84f00_0 .net "N606", 0 0, L_0x555555ab6610;  1 drivers
v0x555555a84fc0_0 .net "N609", 0 0, L_0x555555ab6680;  1 drivers
v0x555555a84370_0 .net "N615", 0 0, L_0x555555ab66f0;  1 drivers
v0x555555a84410_0 .net "N616", 0 0, L_0x555555ab67f0;  1 drivers
v0x555555a833d0_0 .net "N619", 0 0, L_0x555555ab6860;  1 drivers
v0x555555a83490_0 .net "N624", 0 0, L_0x555555ab68d0;  1 drivers
v0x555555a82430_0 .net "N625", 0 0, L_0x555555ab69d0;  1 drivers
v0x555555a824d0_0 .net "N628", 0 0, L_0x555555ab6a40;  1 drivers
v0x555555a81000_0 .net "N631", 0 0, L_0x555555ab7240;  1 drivers
v0x555555a810c0_0 .net "N632", 0 0, L_0x555555ab6b70;  1 drivers
v0x5555559e1a50_0 .net "N635", 0 0, L_0x555555ab6be0;  1 drivers
v0x5555559e1af0_0 .net "N640", 0 0, L_0x555555ab6c50;  1 drivers
v0x5555559e1bb0_0 .net "N641", 0 0, L_0x555555ab6dd0;  1 drivers
v0x5555559e1c70_0 .net "N644", 0 0, L_0x555555ab6e40;  1 drivers
v0x5555559e1d30_0 .net "N650", 0 0, L_0x555555ab6eb0;  1 drivers
v0x5555558371c0_0 .net "N651", 0 0, L_0x555555ab6fb0;  1 drivers
v0x555555837280_0 .net "N654", 0 0, L_0x555555ab7020;  1 drivers
v0x555555837340_0 .net "N659", 0 0, L_0x555555ab7090;  1 drivers
v0x555555837400_0 .net "N660", 0 0, L_0x555555ab7190;  1 drivers
v0x5555558374c0_0 .net "N661", 0 0, L_0x555555ab7a70;  1 drivers
v0x55555595b9b0_0 .net "N662", 0 0, L_0x555555ab7ae0;  1 drivers
v0x55555595ba70_0 .net "N665", 0 0, L_0x555555ab7340;  1 drivers
v0x55555595bb30_0 .net "N669", 0 0, L_0x555555ab7400;  1 drivers
v0x55555595bbf0_0 .net "N670", 0 0, L_0x555555ab7510;  1 drivers
v0x55555595bcb0_0 .net "N673", 0 0, L_0x555555ab75d0;  1 drivers
v0x55555595bd70_0 .net "N677", 0 0, L_0x555555ab7690;  1 drivers
v0x5555558e6600_0 .net "N678", 0 0, L_0x555555ab77a0;  1 drivers
v0x5555558e66c0_0 .net "N68", 0 0, v0x555555aa5ca0_0;  alias, 1 drivers
v0x5555558e6790_0 .net "N682", 0 0, L_0x555555ab7860;  1 drivers
v0x5555558e6830_0 .net "N686", 0 0, L_0x555555ab7920;  1 drivers
v0x5555558e68f0_0 .net "N687", 0 0, L_0x555555ab8320;  1 drivers
v0x5555558e69b0_0 .net "N692", 0 0, L_0x555555ab83e0;  1 drivers
v0x555555a9ab60_0 .net "N696", 0 0, L_0x555555ab7ba0;  1 drivers
v0x555555a9ac20_0 .net "N697", 0 0, L_0x555555ab7cb0;  1 drivers
v0x555555a9ace0_0 .net "N700", 0 0, L_0x555555ab7d70;  1 drivers
v0x555555a9ada0_0 .net "N704", 0 0, L_0x555555ab7e30;  1 drivers
v0x555555a9ae60_0 .net "N705", 0 0, L_0x555555ab7f40;  1 drivers
v0x555555a9af20_0 .net "N708", 0 0, L_0x555555ab8000;  1 drivers
v0x555555a9afe0_0 .net "N712", 0 0, L_0x555555ab80c0;  1 drivers
v0x555555a9b0a0_0 .net "N713", 0 0, L_0x555555ab81d0;  1 drivers
v0x555555a9b160_0 .net "N717", 0 0, L_0x555555ab8290;  1 drivers
v0x555555a9b220_0 .net "N72", 0 0, v0x555555aa5d40_0;  alias, 1 drivers
v0x555555a9b2f0_0 .net "N721", 0 0, L_0x555555ab8c70;  1 drivers
v0x555555a9b390_0 .net "N722", 0 0, L_0x555555ab84a0;  1 drivers
v0x555555a9b450_0 .net "N727", 0 0, L_0x555555ab8560;  1 drivers
v0x555555a9b510_0 .net "N73", 0 0, v0x555555aa5de0_0;  alias, 1 drivers
v0x555555a9b5e0_0 .net "N731", 0 0, L_0x555555ab8620;  1 drivers
v0x555555a9b680_0 .net "N732", 0 0, L_0x555555ab8730;  1 drivers
v0x555555a9b740_0 .net "N733", 0 0, L_0x555555ab87a0;  1 drivers
v0x555555a9b800_0 .net "N734", 0 0, L_0x555555ab8930;  1 drivers
v0x555555a9b8c0_0 .net "N735", 0 0, L_0x555555ab8a30;  1 drivers
v0x555555a9b980_0 .net "N736", 0 0, L_0x555555ab8aa0;  1 drivers
v0x555555a9ba40_0 .net "N737", 0 0, L_0x555555ab8b10;  1 drivers
v0x555555a9eb80_0 .net "N738", 0 0, L_0x555555ab8b80;  1 drivers
v0x555555a9ec20_0 .net "N739", 0 0, L_0x555555ab95b0;  1 drivers
v0x555555a9ecc0_0 .net "N74", 0 0, v0x555555aa5e80_0;  alias, 1 drivers
v0x555555a9ed60_0 .net "N740", 0 0, L_0x555555ab96b0;  1 drivers
v0x555555a9ee00_0 .net "N741", 0 0, L_0x555555ab8d80;  1 drivers
v0x555555a9eea0_0 .net "N742", 0 0, L_0x555555ab8df0;  1 drivers
v0x555555a9ef40_0 .net "N743", 0 0, L_0x555555ab8eb0;  1 drivers
v0x555555a9efe0_0 .net "N744", 0 0, L_0x555555ab8f20;  1 drivers
v0x555555a9f080_0 .net "N745", 0 0, L_0x555555ab8fe0;  1 drivers
v0x555555a9f120_0 .net "N746", 0 0, L_0x555555ab90a0;  1 drivers
v0x555555a9f1c0_0 .net "N747", 0 0, L_0x555555ab9110;  1 drivers
v0x555555a9f260_0 .net "N748", 0 0, L_0x555555ab91d0;  1 drivers
v0x555555a9f300_0 .net "N749", 0 0, L_0x555555ab9290;  1 drivers
v0x555555a9f3a0_0 .net "N75", 0 0, v0x555555aa5f20_0;  alias, 1 drivers
v0x555555a9f440_0 .net "N750", 0 0, L_0x555555ab9300;  1 drivers
v0x555555a9f4e0_0 .net "N751", 0 0, L_0x555555ab93c0;  1 drivers
v0x555555a9f580_0 .net "N752", 0 0, L_0x555555aba040;  1 drivers
v0x555555a9f620_0 .net "N753", 0 0, L_0x555555ab97b0;  1 drivers
v0x555555a9f6c0_0 .net "N754", 0 0, L_0x555555ab9870;  1 drivers
v0x555555a9f760_0 .net "N755", 0 0, L_0x555555ab9930;  1 drivers
v0x555555a9f800_0 .net "N756", 0 0, L_0x555555ab99a0;  1 drivers
v0x555555a9f8a0_0 .net "N757", 0 0, L_0x555555ab9a60;  1 drivers
v0x555555a9f940_0 .net "N758", 0 0, L_0x555555ab9b20;  1 drivers
v0x555555a9f9e0_0 .net "N759", 0 0, L_0x555555ab9b90;  1 drivers
v0x555555a9fa80_0 .net "N760", 0 0, L_0x555555ab9c00;  1 drivers
v0x555555a9fb20_0 .net "N761", 0 0, L_0x555555ab9c70;  1 drivers
v0x555555a9fbc0_0 .net "N762", 0 0, L_0x555555ab9ce0;  1 drivers
v0x555555a9fc60_0 .net "N763", 0 0, L_0x555555ab9e70;  1 drivers
v0x555555a9fd00_0 .net "N764", 0 0, L_0x555555ab9ee0;  1 drivers
v0x555555a9fda0_0 .net "N765", 0 0, L_0x555555abaac0;  1 drivers
v0x555555a9fe40_0 .net "N766", 0 0, L_0x555555ababc0;  1 drivers
v0x555555a9fee0_0 .net "N767", 0 0, L_0x555555aba1c0;  alias, 1 drivers
v0x555555a9ff80_0 .net "N768", 0 0, L_0x555555aba230;  alias, 1 drivers
v0x555555aa0020_0 .net "N769", 0 0, L_0x555555aba2a0;  1 drivers
v0x555555aa00c0_0 .net "N770", 0 0, L_0x555555aba310;  1 drivers
v0x555555aa0160_0 .net "N771", 0 0, L_0x555555aba380;  1 drivers
v0x555555aa0200_0 .net "N772", 0 0, L_0x555555aba3f0;  1 drivers
v0x555555aa02a0_0 .net "N773", 0 0, L_0x555555aba500;  1 drivers
v0x555555aa0340_0 .net "N777", 0 0, L_0x555555aba6b0;  1 drivers
v0x555555aa03e0_0 .net "N778", 0 0, L_0x555555aba7c0;  1 drivers
v0x555555aa0480_0 .net "N781", 0 0, L_0x555555aba920;  1 drivers
v0x555555aa0520_0 .net "N782", 0 0, L_0x555555abaa30;  1 drivers
v0x555555aa05c0_0 .net "N785", 0 0, L_0x555555abb700;  1 drivers
v0x555555aa0660_0 .net "N786", 0 0, L_0x555555abad50;  1 drivers
v0x555555aa0700_0 .net "N787", 0 0, L_0x555555abae60;  1 drivers
v0x555555aa07a0_0 .net "N788", 0 0, L_0x555555abaf70;  1 drivers
v0x555555aa0840_0 .net "N789", 0 0, L_0x555555abb030;  1 drivers
v0x555555aa08e0_0 .net "N790", 0 0, L_0x555555abb130;  1 drivers
v0x555555aa0980_0 .net "N791", 0 0, L_0x555555abb1a0;  1 drivers
v0x555555aa0a20_0 .net "N792", 0 0, L_0x555555abb2a0;  1 drivers
v0x555555aa0ac0_0 .net "N793", 0 0, L_0x555555abb310;  1 drivers
v0x555555aa0b60_0 .net "N794", 0 0, L_0x555555abb410;  1 drivers
v0x555555aa0c00_0 .net "N795", 0 0, L_0x555555abb480;  1 drivers
v0x555555aa0ca0_0 .net "N796", 0 0, L_0x555555abb580;  1 drivers
v0x555555aa0d40_0 .net "N8", 0 0, v0x555555aa5fc0_0;  alias, 1 drivers
v0x555555aa0de0_0 .net "N80", 0 0, v0x555555aa6060_0;  alias, 1 drivers
v0x555555aa0e80_0 .net "N802", 0 0, L_0x555555abb640;  1 drivers
v0x555555aa0f20_0 .net "N803", 0 0, L_0x555555abb810;  1 drivers
v0x555555aa0fc0_0 .net "N804", 0 0, L_0x555555abb920;  1 drivers
v0x555555aa1060_0 .net "N805", 0 0, L_0x555555abba30;  1 drivers
v0x555555aa1100_0 .net "N806", 0 0, L_0x555555abbb40;  1 drivers
v0x555555aa11a0_0 .net "N807", 0 0, L_0x555555abbc00;  1 drivers
v0x555555aa1240_0 .net "N808", 0 0, L_0x555555abbd00;  1 drivers
v0x555555aa12e0_0 .net "N809", 0 0, L_0x555555abbe00;  1 drivers
v0x555555aa1380_0 .net "N810", 0 0, L_0x555555abbe70;  1 drivers
v0x555555aa1420_0 .net "N811", 0 0, L_0x555555abbf30;  1 drivers
v0x555555aa14c0_0 .net "N812", 0 0, L_0x555555abc0e0;  1 drivers
v0x555555aa1560_0 .net "N813", 0 0, L_0x555555abc150;  1 drivers
v0x555555aa1600_0 .net "N814", 0 0, L_0x555555abc300;  1 drivers
v0x555555aa16a0_0 .net "N815", 0 0, L_0x555555abc370;  1 drivers
v0x555555aa1740_0 .net "N819", 0 0, L_0x555555abc480;  1 drivers
v0x555555aa17e0_0 .net "N822", 0 0, L_0x555555abc5e0;  1 drivers
v0x555555aa1880_0 .net "N825", 0 0, L_0x555555abc6f0;  1 drivers
v0x555555aa1920_0 .net "N826", 0 0, L_0x555555abc800;  1 drivers
v0x555555aa19c0_0 .net "N827", 0 0, L_0x555555abc910;  1 drivers
v0x555555aa1a60_0 .net "N828", 0 0, L_0x555555abca20;  1 drivers
v0x555555aa1b00_0 .net "N829", 0 0, L_0x555555abcb30;  1 drivers
v0x555555aa1ba0_0 .net "N830", 0 0, L_0x555555abcbf0;  1 drivers
v0x555555aa1c40_0 .net "N831", 0 0, L_0x555555abd7d0;  1 drivers
v0x555555aa1ce0_0 .net "N832", 0 0, L_0x555555abcd10;  1 drivers
v0x555555aa1d80_0 .net "N833", 0 0, L_0x555555abcd80;  1 drivers
v0x555555aa1e20_0 .net "N834", 0 0, L_0x555555abce80;  1 drivers
v0x555555aa1ec0_0 .net "N835", 0 0, L_0x555555abcef0;  1 drivers
v0x555555aa1f60_0 .net "N836", 0 0, L_0x555555abcff0;  1 drivers
v0x555555aa2000_0 .net "N837", 0 0, L_0x555555abd060;  1 drivers
v0x555555aa20a0_0 .net "N838", 0 0, L_0x555555abd1c0;  1 drivers
v0x555555aa2140_0 .net "N839", 0 0, L_0x555555abd370;  1 drivers
v0x555555aa21e0_0 .net "N840", 0 0, L_0x555555abd520;  1 drivers
v0x555555aa2280_0 .net "N841", 0 0, L_0x555555abd5e0;  1 drivers
v0x555555aa2320_0 .net "N842", 0 0, L_0x555555abd6e0;  1 drivers
v0x555555aa23c0_0 .net "N843", 0 0, L_0x555555abe3f0;  1 drivers
v0x555555aa2460_0 .net "N844", 0 0, L_0x555555abd8d0;  1 drivers
v0x555555aa2500_0 .net "N845", 0 0, L_0x555555abd9e0;  1 drivers
v0x555555aa25a0_0 .net "N846", 0 0, L_0x555555abdaf0;  1 drivers
v0x555555aa2640_0 .net "N847", 0 0, L_0x555555abdbb0;  1 drivers
v0x555555aa26e0_0 .net "N848", 0 0, L_0x555555abdc70;  1 drivers
v0x555555aa2780_0 .net "N849", 0 0, L_0x555555abdd30;  1 drivers
v0x555555aa2820_0 .net "N85", 0 0, v0x555555aa6100_0;  alias, 1 drivers
v0x555555aa28c0_0 .net "N850", 0 0, L_0x555555abde40;  alias, 1 drivers
v0x555555aa2960_0 .net "N851", 0 0, L_0x555555abdf00;  1 drivers
v0x555555aa2a00_0 .net "N852", 0 0, L_0x555555abe0d0;  1 drivers
v0x555555aa2aa0_0 .net "N853", 0 0, L_0x555555abe190;  1 drivers
v0x555555aa2b40_0 .net "N854", 0 0, L_0x555555abe250;  1 drivers
v0x555555aa2be0_0 .net "N855", 0 0, L_0x555555abf080;  1 drivers
v0x555555aa2c80_0 .net "N856", 0 0, L_0x555555abe500;  1 drivers
v0x555555aa2d20_0 .net "N857", 0 0, L_0x555555abe5c0;  1 drivers
v0x555555aa2dc0_0 .net "N858", 0 0, L_0x555555abe680;  1 drivers
v0x555555aa2e60_0 .net "N859", 0 0, L_0x555555abe740;  1 drivers
v0x555555aa2f00_0 .net "N86", 0 0, v0x555555aa61a0_0;  alias, 1 drivers
v0x555555aa2fa0_0 .net "N860", 0 0, L_0x555555abe850;  1 drivers
v0x555555aa3040_0 .net "N861", 0 0, L_0x555555abe960;  1 drivers
v0x555555aa30e0_0 .net "N862", 0 0, L_0x555555abea70;  1 drivers
v0x555555aa3180_0 .net "N863", 0 0, L_0x555555abeb30;  alias, 1 drivers
v0x555555aa3220_0 .net "N864", 0 0, L_0x555555abebf0;  alias, 1 drivers
v0x555555aa32c0_0 .net "N865", 0 0, L_0x555555abecb0;  alias, 1 drivers
v0x555555aa3360_0 .net "N866", 0 0, L_0x555555abed70;  alias, 1 drivers
v0x555555aa3400_0 .net "N867", 0 0, L_0x555555abee30;  1 drivers
v0x555555aa34a0_0 .net "N868", 0 0, L_0x555555abef90;  1 drivers
v0x555555aa3540_0 .net "N869", 0 0, L_0x555555abfdd0;  1 drivers
v0x555555aa35e0_0 .net "N87", 0 0, v0x555555aa6240_0;  alias, 1 drivers
v0x555555aa3680_0 .net "N870", 0 0, L_0x555555abf140;  1 drivers
v0x555555aa3720_0 .net "N871", 0 0, L_0x555555abf200;  1 drivers
v0x555555aa37c0_0 .net "N872", 0 0, L_0x555555abf2c0;  1 drivers
v0x555555aa3860_0 .net "N873", 0 0, L_0x555555abf380;  1 drivers
v0x555555aa3900_0 .net "N874", 0 0, L_0x555555abf440;  alias, 1 drivers
v0x555555aa39a0_0 .net "N875", 0 0, L_0x555555abf500;  1 drivers
v0x555555aa3a40_0 .net "N876", 0 0, L_0x555555abf5c0;  1 drivers
v0x555555aa3ae0_0 .net "N877", 0 0, L_0x555555abf680;  1 drivers
v0x555555aa3b80_0 .net "N878", 0 0, L_0x555555abf740;  alias, 1 drivers
v0x555555aa3c20_0 .net "N879", 0 0, L_0x555555abf800;  alias, 1 drivers
v0x555555aa3cc0_0 .net "N88", 0 0, v0x555555aa62e0_0;  alias, 1 drivers
v0x555555aa3d60_0 .net "N880", 0 0, L_0x555555abf8c0;  alias, 1 drivers
v0x555555aa3e00_0 .net "N89", 0 0, v0x555555aa6380_0;  alias, 1 drivers
v0x555555aa3ea0_0 .net "N90", 0 0, v0x555555aa6420_0;  alias, 1 drivers
v0x555555aa3f40_0 .net "N91", 0 0, v0x555555aa64c0_0;  alias, 1 drivers
v0x555555aa3fe0_0 .net "N96", 0 0, v0x555555aa6560_0;  alias, 1 drivers
    .scope S_0x555555a98740;
T_0 ;
    %pushi/vec4 0, 0, 32;
    %store/vec4 v0x555555aa7af0_0, 0, 32;
    %pushi/vec4 0, 0, 32;
    %split/vec4 1;
    %store/vec4 v0x555555aa4300_0, 0, 1;
    %split/vec4 1;
    %store/vec4 v0x555555aa43a0_0, 0, 1;
    %split/vec4 1;
    %store/vec4 v0x555555aa4440_0, 0, 1;
    %split/vec4 1;
    %store/vec4 v0x555555aa4580_0, 0, 1;
    %split/vec4 1;
    %store/vec4 v0x555555aa4620_0, 0, 1;
    %split/vec4 1;
    %store/vec4 v0x555555aa46c0_0, 0, 1;
    %split/vec4 1;
    %store/vec4 v0x555555aa4760_0, 0, 1;
    %split/vec4 1;
    %store/vec4 v0x555555aa4800_0, 0, 1;
    %split/vec4 1;
    %store/vec4 v0x555555aa48a0_0, 0, 1;
    %split/vec4 1;
    %store/vec4 v0x555555aa4940_0, 0, 1;
    %split/vec4 1;
    %store/vec4 v0x555555aa49e0_0, 0, 1;
    %split/vec4 1;
    %store/vec4 v0x555555aa4a80_0, 0, 1;
    %split/vec4 1;
    %store/vec4 v0x555555aa4b20_0, 0, 1;
    %split/vec4 1;
    %store/vec4 v0x555555aa4bc0_0, 0, 1;
    %split/vec4 1;
    %store/vec4 v0x555555aa4d00_0, 0, 1;
    %split/vec4 1;
    %store/vec4 v0x555555aa4da0_0, 0, 1;
    %split/vec4 1;
    %store/vec4 v0x555555aa4e40_0, 0, 1;
    %split/vec4 1;
    %store/vec4 v0x555555aa4ee0_0, 0, 1;
    %split/vec4 1;
    %store/vec4 v0x555555aa4f80_0, 0, 1;
    %split/vec4 1;
    %store/vec4 v0x555555aa5020_0, 0, 1;
    %split/vec4 1;
    %store/vec4 v0x555555aa50c0_0, 0, 1;
    %split/vec4 1;
    %store/vec4 v0x555555aa5160_0, 0, 1;
    %split/vec4 1;
    %store/vec4 v0x555555aa5200_0, 0, 1;
    %split/vec4 1;
    %store/vec4 v0x555555aa52a0_0, 0, 1;
    %split/vec4 1;
    %store/vec4 v0x555555aa5340_0, 0, 1;
    %split/vec4 1;
    %store/vec4 v0x555555aa53e0_0, 0, 1;
    %split/vec4 1;
    %store/vec4 v0x555555aa5480_0, 0, 1;
    %split/vec4 1;
    %store/vec4 v0x555555aa5520_0, 0, 1;
    %split/vec4 1;
    %store/vec4 v0x555555aa5660_0, 0, 1;
    %split/vec4 1;
    %store/vec4 v0x555555aa5700_0, 0, 1;
    %split/vec4 1;
    %store/vec4 v0x555555aa57a0_0, 0, 1;
    %store/vec4 v0x555555aa5840_0, 0, 1;
    %pushi/vec4 0, 0, 28;
    %split/vec4 1;
    %store/vec4 v0x555555aa4080_0, 0, 1;
    %split/vec4 1;
    %store/vec4 v0x555555aa5fc0_0, 0, 1;
    %split/vec4 1;
    %store/vec4 v0x555555aa44e0_0, 0, 1;
    %split/vec4 1;
    %store/vec4 v0x555555aa4c60_0, 0, 1;
    %split/vec4 1;
    %store/vec4 v0x555555aa55c0_0, 0, 1;
    %split/vec4 1;
    %store/vec4 v0x555555aa58e0_0, 0, 1;
    %split/vec4 1;
    %store/vec4 v0x555555aa5980_0, 0, 1;
    %split/vec4 1;
    %store/vec4 v0x555555aa5a20_0, 0, 1;
    %split/vec4 1;
    %store/vec4 v0x555555aa5ac0_0, 0, 1;
    %split/vec4 1;
    %store/vec4 v0x555555aa5b60_0, 0, 1;
    %split/vec4 1;
    %store/vec4 v0x555555aa5c00_0, 0, 1;
    %split/vec4 1;
    %store/vec4 v0x555555aa5ca0_0, 0, 1;
    %split/vec4 1;
    %store/vec4 v0x555555aa5d40_0, 0, 1;
    %split/vec4 1;
    %store/vec4 v0x555555aa5de0_0, 0, 1;
    %split/vec4 1;
    %store/vec4 v0x555555aa5e80_0, 0, 1;
    %split/vec4 1;
    %store/vec4 v0x555555aa5f20_0, 0, 1;
    %split/vec4 1;
    %store/vec4 v0x555555aa6060_0, 0, 1;
    %split/vec4 1;
    %store/vec4 v0x555555aa6100_0, 0, 1;
    %split/vec4 1;
    %store/vec4 v0x555555aa61a0_0, 0, 1;
    %split/vec4 1;
    %store/vec4 v0x555555aa6240_0, 0, 1;
    %split/vec4 1;
    %store/vec4 v0x555555aa62e0_0, 0, 1;
    %split/vec4 1;
    %store/vec4 v0x555555aa6380_0, 0, 1;
    %split/vec4 1;
    %store/vec4 v0x555555aa6420_0, 0, 1;
    %split/vec4 1;
    %store/vec4 v0x555555aa64c0_0, 0, 1;
    %split/vec4 1;
    %store/vec4 v0x555555aa6560_0, 0, 1;
    %split/vec4 1;
    %store/vec4 v0x555555aa4120_0, 0, 1;
    %split/vec4 1;
    %store/vec4 v0x555555aa41c0_0, 0, 1;
    %store/vec4 v0x555555aa4260_0, 0, 1;
    %delay 10, 0;
    %load/vec4 v0x555555aa8c70_0;
    %load/vec4 v0x555555aa7a50_0;
    %cmp/ne;
    %jmp/0xz  T_0.0, 6;
    %load/vec4 v0x555555aa7af0_0;
    %addi 1, 0, 32;
    %store/vec4 v0x555555aa7af0_0, 0, 32;
T_0.0 ;
    %pushi/vec4 4294967295, 0, 32;
    %split/vec4 1;
    %store/vec4 v0x555555aa4300_0, 0, 1;
    %split/vec4 1;
    %store/vec4 v0x555555aa43a0_0, 0, 1;
    %split/vec4 1;
    %store/vec4 v0x555555aa4440_0, 0, 1;
    %split/vec4 1;
    %store/vec4 v0x555555aa4580_0, 0, 1;
    %split/vec4 1;
    %store/vec4 v0x555555aa4620_0, 0, 1;
    %split/vec4 1;
    %store/vec4 v0x555555aa46c0_0, 0, 1;
    %split/vec4 1;
    %store/vec4 v0x555555aa4760_0, 0, 1;
    %split/vec4 1;
    %store/vec4 v0x555555aa4800_0, 0, 1;
    %split/vec4 1;
    %store/vec4 v0x555555aa48a0_0, 0, 1;
    %split/vec4 1;
    %store/vec4 v0x555555aa4940_0, 0, 1;
    %split/vec4 1;
    %store/vec4 v0x555555aa49e0_0, 0, 1;
    %split/vec4 1;
    %store/vec4 v0x555555aa4a80_0, 0, 1;
    %split/vec4 1;
    %store/vec4 v0x555555aa4b20_0, 0, 1;
    %split/vec4 1;
    %store/vec4 v0x555555aa4bc0_0, 0, 1;
    %split/vec4 1;
    %store/vec4 v0x555555aa4d00_0, 0, 1;
    %split/vec4 1;
    %store/vec4 v0x555555aa4da0_0, 0, 1;
    %split/vec4 1;
    %store/vec4 v0x555555aa4e40_0, 0, 1;
    %split/vec4 1;
    %store/vec4 v0x555555aa4ee0_0, 0, 1;
    %split/vec4 1;
    %store/vec4 v0x555555aa4f80_0, 0, 1;
    %split/vec4 1;
    %store/vec4 v0x555555aa5020_0, 0, 1;
    %split/vec4 1;
    %store/vec4 v0x555555aa50c0_0, 0, 1;
    %split/vec4 1;
    %store/vec4 v0x555555aa5160_0, 0, 1;
    %split/vec4 1;
    %store/vec4 v0x555555aa5200_0, 0, 1;
    %split/vec4 1;
    %store/vec4 v0x555555aa52a0_0, 0, 1;
    %split/vec4 1;
    %store/vec4 v0x555555aa5340_0, 0, 1;
    %split/vec4 1;
    %store/vec4 v0x555555aa53e0_0, 0, 1;
    %split/vec4 1;
    %store/vec4 v0x555555aa5480_0, 0, 1;
    %split/vec4 1;
    %store/vec4 v0x555555aa5520_0, 0, 1;
    %split/vec4 1;
    %store/vec4 v0x555555aa5660_0, 0, 1;
    %split/vec4 1;
    %store/vec4 v0x555555aa5700_0, 0, 1;
    %split/vec4 1;
    %store/vec4 v0x555555aa57a0_0, 0, 1;
    %store/vec4 v0x555555aa5840_0, 0, 1;
    %pushi/vec4 268435455, 0, 28;
    %split/vec4 1;
    %store/vec4 v0x555555aa4080_0, 0, 1;
    %split/vec4 1;
    %store/vec4 v0x555555aa5fc0_0, 0, 1;
    %split/vec4 1;
    %store/vec4 v0x555555aa44e0_0, 0, 1;
    %split/vec4 1;
    %store/vec4 v0x555555aa4c60_0, 0, 1;
    %split/vec4 1;
    %store/vec4 v0x555555aa55c0_0, 0, 1;
    %split/vec4 1;
    %store/vec4 v0x555555aa58e0_0, 0, 1;
    %split/vec4 1;
    %store/vec4 v0x555555aa5980_0, 0, 1;
    %split/vec4 1;
    %store/vec4 v0x555555aa5a20_0, 0, 1;
    %split/vec4 1;
    %store/vec4 v0x555555aa5ac0_0, 0, 1;
    %split/vec4 1;
    %store/vec4 v0x555555aa5b60_0, 0, 1;
    %split/vec4 1;
    %store/vec4 v0x555555aa5c00_0, 0, 1;
    %split/vec4 1;
    %store/vec4 v0x555555aa5ca0_0, 0, 1;
    %split/vec4 1;
    %store/vec4 v0x555555aa5d40_0, 0, 1;
    %split/vec4 1;
    %store/vec4 v0x555555aa5de0_0, 0, 1;
    %split/vec4 1;
    %store/vec4 v0x555555aa5e80_0, 0, 1;
    %split/vec4 1;
    %store/vec4 v0x555555aa5f20_0, 0, 1;
    %split/vec4 1;
    %store/vec4 v0x555555aa6060_0, 0, 1;
    %split/vec4 1;
    %store/vec4 v0x555555aa6100_0, 0, 1;
    %split/vec4 1;
    %store/vec4 v0x555555aa61a0_0, 0, 1;
    %split/vec4 1;
    %store/vec4 v0x555555aa6240_0, 0, 1;
    %split/vec4 1;
    %store/vec4 v0x555555aa62e0_0, 0, 1;
    %split/vec4 1;
    %store/vec4 v0x555555aa6380_0, 0, 1;
    %split/vec4 1;
    %store/vec4 v0x555555aa6420_0, 0, 1;
    %split/vec4 1;
    %store/vec4 v0x555555aa64c0_0, 0, 1;
    %split/vec4 1;
    %store/vec4 v0x555555aa6560_0, 0, 1;
    %split/vec4 1;
    %store/vec4 v0x555555aa4120_0, 0, 1;
    %split/vec4 1;
    %store/vec4 v0x555555aa41c0_0, 0, 1;
    %store/vec4 v0x555555aa4260_0, 0, 1;
    %delay 10, 0;
    %load/vec4 v0x555555aa8c70_0;
    %load/vec4 v0x555555aa7a50_0;
    %cmp/ne;
    %jmp/0xz  T_0.2, 6;
    %load/vec4 v0x555555aa7af0_0;
    %addi 1, 0, 32;
    %store/vec4 v0x555555aa7af0_0, 0, 32;
T_0.2 ;
    %pushi/vec4 0, 0, 32;
    %store/vec4 v0x555555aa7b90_0, 0, 32;
T_0.4 ;
    %load/vec4 v0x555555aa7b90_0;
    %cmpi/s 500, 0, 32;
    %jmp/0xz T_0.5, 5;
    %vpi_func 2 92 "$random" 32 {0 0 0};
    %store/vec4 v0x555555aa8d10_0, 0, 32;
    %vpi_func 2 92 "$random" 32 {0 0 0};
    %store/vec4 v0x555555aa8db0_0, 0, 32;
    %load/vec4 v0x555555aa8d10_0;
    %split/vec4 1;
    %store/vec4 v0x555555aa4300_0, 0, 1;
    %split/vec4 1;
    %store/vec4 v0x555555aa43a0_0, 0, 1;
    %split/vec4 1;
    %store/vec4 v0x555555aa4440_0, 0, 1;
    %split/vec4 1;
    %store/vec4 v0x555555aa4580_0, 0, 1;
    %split/vec4 1;
    %store/vec4 v0x555555aa4620_0, 0, 1;
    %split/vec4 1;
    %store/vec4 v0x555555aa46c0_0, 0, 1;
    %split/vec4 1;
    %store/vec4 v0x555555aa4760_0, 0, 1;
    %split/vec4 1;
    %store/vec4 v0x555555aa4800_0, 0, 1;
    %split/vec4 1;
    %store/vec4 v0x555555aa48a0_0, 0, 1;
    %split/vec4 1;
    %store/vec4 v0x555555aa4940_0, 0, 1;
    %split/vec4 1;
    %store/vec4 v0x555555aa49e0_0, 0, 1;
    %split/vec4 1;
    %store/vec4 v0x555555aa4a80_0, 0, 1;
    %split/vec4 1;
    %store/vec4 v0x555555aa4b20_0, 0, 1;
    %split/vec4 1;
    %store/vec4 v0x555555aa4bc0_0, 0, 1;
    %split/vec4 1;
    %store/vec4 v0x555555aa4d00_0, 0, 1;
    %split/vec4 1;
    %store/vec4 v0x555555aa4da0_0, 0, 1;
    %split/vec4 1;
    %store/vec4 v0x555555aa4e40_0, 0, 1;
    %split/vec4 1;
    %store/vec4 v0x555555aa4ee0_0, 0, 1;
    %split/vec4 1;
    %store/vec4 v0x555555aa4f80_0, 0, 1;
    %split/vec4 1;
    %store/vec4 v0x555555aa5020_0, 0, 1;
    %split/vec4 1;
    %store/vec4 v0x555555aa50c0_0, 0, 1;
    %split/vec4 1;
    %store/vec4 v0x555555aa5160_0, 0, 1;
    %split/vec4 1;
    %store/vec4 v0x555555aa5200_0, 0, 1;
    %split/vec4 1;
    %store/vec4 v0x555555aa52a0_0, 0, 1;
    %split/vec4 1;
    %store/vec4 v0x555555aa5340_0, 0, 1;
    %split/vec4 1;
    %store/vec4 v0x555555aa53e0_0, 0, 1;
    %split/vec4 1;
    %store/vec4 v0x555555aa5480_0, 0, 1;
    %split/vec4 1;
    %store/vec4 v0x555555aa5520_0, 0, 1;
    %split/vec4 1;
    %store/vec4 v0x555555aa5660_0, 0, 1;
    %split/vec4 1;
    %store/vec4 v0x555555aa5700_0, 0, 1;
    %split/vec4 1;
    %store/vec4 v0x555555aa57a0_0, 0, 1;
    %store/vec4 v0x555555aa5840_0, 0, 1;
    %load/vec4 v0x555555aa8db0_0;
    %pad/u 28;
    %split/vec4 1;
    %store/vec4 v0x555555aa4080_0, 0, 1;
    %split/vec4 1;
    %store/vec4 v0x555555aa5fc0_0, 0, 1;
    %split/vec4 1;
    %store/vec4 v0x555555aa44e0_0, 0, 1;
    %split/vec4 1;
    %store/vec4 v0x555555aa4c60_0, 0, 1;
    %split/vec4 1;
    %store/vec4 v0x555555aa55c0_0, 0, 1;
    %split/vec4 1;
    %store/vec4 v0x555555aa58e0_0, 0, 1;
    %split/vec4 1;
    %store/vec4 v0x555555aa5980_0, 0, 1;
    %split/vec4 1;
    %store/vec4 v0x555555aa5a20_0, 0, 1;
    %split/vec4 1;
    %store/vec4 v0x555555aa5ac0_0, 0, 1;
    %split/vec4 1;
    %store/vec4 v0x555555aa5b60_0, 0, 1;
    %split/vec4 1;
    %store/vec4 v0x555555aa5c00_0, 0, 1;
    %split/vec4 1;
    %store/vec4 v0x555555aa5ca0_0, 0, 1;
    %split/vec4 1;
    %store/vec4 v0x555555aa5d40_0, 0, 1;
    %split/vec4 1;
    %store/vec4 v0x555555aa5de0_0, 0, 1;
    %split/vec4 1;
    %store/vec4 v0x555555aa5e80_0, 0, 1;
    %split/vec4 1;
    %store/vec4 v0x555555aa5f20_0, 0, 1;
    %split/vec4 1;
    %store/vec4 v0x555555aa6060_0, 0, 1;
    %split/vec4 1;
    %store/vec4 v0x555555aa6100_0, 0, 1;
    %split/vec4 1;
    %store/vec4 v0x555555aa61a0_0, 0, 1;
    %split/vec4 1;
    %store/vec4 v0x555555aa6240_0, 0, 1;
    %split/vec4 1;
    %store/vec4 v0x555555aa62e0_0, 0, 1;
    %split/vec4 1;
    %store/vec4 v0x555555aa6380_0, 0, 1;
    %split/vec4 1;
    %store/vec4 v0x555555aa6420_0, 0, 1;
    %split/vec4 1;
    %store/vec4 v0x555555aa64c0_0, 0, 1;
    %split/vec4 1;
    %store/vec4 v0x555555aa6560_0, 0, 1;
    %split/vec4 1;
    %store/vec4 v0x555555aa4120_0, 0, 1;
    %split/vec4 1;
    %store/vec4 v0x555555aa41c0_0, 0, 1;
    %store/vec4 v0x555555aa4260_0, 0, 1;
    %delay 10, 0;
    %load/vec4 v0x555555aa8c70_0;
    %load/vec4 v0x555555aa7a50_0;
    %cmp/ne;
    %jmp/0xz  T_0.6, 6;
    %load/vec4 v0x555555aa7af0_0;
    %addi 1, 0, 32;
    %store/vec4 v0x555555aa7af0_0, 0, 32;
T_0.6 ;
    %load/vec4 v0x555555aa7b90_0;
    %addi 1, 0, 32;
    %store/vec4 v0x555555aa7b90_0, 0, 32;
    %jmp T_0.4;
T_0.5 ;
    %load/vec4 v0x555555aa7af0_0;
    %cmpi/e 0, 0, 32;
    %jmp/0xz  T_0.8, 4;
    %vpi_call 2 102 "$display", "RESULT: PASS" {0 0 0};
    %jmp T_0.9;
T_0.8 ;
    %vpi_call 2 103 "$display", "RESULT: FAIL (%d errors)", v0x555555aa7af0_0 {0 0 0};
T_0.9 ;
    %vpi_call 2 104 "$finish" {0 0 0};
    %end;
    .thread T_0;
# The file index is used to find the file name in the following table.
:file_names 5;
    "N/A";
    "<interactive>";
    "/storage/ice1/8/3/nli324/llmge-X-AlphaEvolve/c880_smoke_retry/seed_pid2816711/tb.v";
    "/storage/ice1/8/3/nli324/llmge-X-AlphaEvolve/c880_smoke_retry/seed_pid2816711/design.v";
    "/storage/ice1/8/3/nli324/llmge-X-AlphaEvolve/sota/ACircuitDesign/c880.v";
